smiles,Class
Cc1ccccc1-c1ccc2nc(N)c(C[C@@H](C)C(=O)N[C@@H]3CCOC(C)(C)C3)cc2c1,1
CCCO[C@H]1C[NH2+][C@@H]([C@@H](O)[C@H](Cc2cc(F)cc(F)c2)NC(=O)[C@H](CCc2ccccc2)N2CC[C@@](CC(C)C)(NC(C)=O)C2=O)C1,1
CCc1cn2c3c(cc(C(=O)N[C@@H](Cc4ccccc4)[C@H](O)C[NH2+]Cc4cccc(OC)c4)cc13)N(C)S(=O)(=O)CC2,1
CCOC[C@@H](Oc1cc(C[C@@H]2CS(=O)(=O)C[C@H]([NH2+]Cc3cccc(C(C)(C)C)c3)[C@H]2O)cc(F)c1N)C(F)(F)F,1
CCc1cn2c3c(cc(C(=O)N[C@@H](Cc4ccccc4)[C@H](O)C[NH2+]Cc4cccc(C(F)(F)F)c4)cc13)N(C)S(=O)(=O)CC2,1
CC(C)(C)c1cccc(C[NH2+][C@H]2CS(=O)C[C@@H](Cc3cc(F)c(N)c(OC(C(F)(F)F)C(F)(F)F)c3)[C@@H]2O)c1,1
CCCCCS(=O)(=O)C[C@@H](NC(=O)c1cccnc1)C(=O)N[C@@H](Cc1cc(F)cc(F)c1)[C@H](O)C[NH2+]Cc1cccc(CC)c1,1
CC#Cc1cncc(-c2cccc([C@@]3(c4cc(C)c(=O)n(CC)c4)[NH+]=C(N)c4c(F)cccc43)c2)c1,1
CCc1ccc2c(c1)[C@@H]([NH2+]C[C@@H](O)[C@@H]1Cc3cccc(c3)CCCCn3cc(ccc3=O)C(=O)N1)CC1(CCC1)O2,1
CC(C)c1cccc(C[NH2+]C[C@@H](O)[C@H](Cc2ccccc2)NC(=O)[C@@H]2CCC[C@H](C(C)(C)N3CCCCC3=O)C2)c1,1
CCCN(CCC)C(=O)c1cc(C)cc(C(=O)N[C@@H](Cc2cc(F)cc(F)c2)[C@H](O)[C@H]2C[C@@H](Oc3ccccc3)C[NH2+]2)c1,1
CCCN(CCC)C(=O)c1cc(C)cc(C(=O)N[C@@H](Cc2cc(F)cc(F)c2)[C@H](O)[C@@H]2[NH2+]CCN(Cc3ccccc3)C2=O)c1,1
CCNc1cc(C(=O)N[C@@H](Cc2ccccc2)[C@H](O)C[NH2+]Cc2cccc(C(F)(F)F)c2)cc(N2CCCCS2(=O)=O)c1,1
CCNc1cc(C(=O)N[C@@H](Cc2ccccc2)[C@H](O)C[NH2+][C@@H](C)C(=O)NC2CCCCC2)cc(N(c2ccccc2)S(C)(=O)=O)c1,1
COC[C@@H](Oc1cc(C[C@@H]2CS(=O)C[C@H]([NH2+]Cc3cccc(C(C)(C)C)c3)[C@H]2O)cc(F)c1N)C(F)(F)F,1
CCCN(CCC)C(=O)c1cc(C)cc(C(=O)N[C@@H](Cc2cc(F)cc(F)c2)[C@H](O)C[NH2+]Cc2cccc(OC)c2)c1,1
CCCN(CCC)C(=O)c1cc(C)cc(C(=O)N[C@@H](Cc2cc(F)cc(F)c2)[C@H](O)[C@H]2C[C@@H](OCc3ccccc3)C[NH2+]2)c1,1
CCCN(CCC)C(=O)c1cc(C)cc(C(=O)N[C@@H](Cc2cc(F)cc(F)c2)[C@H](O)C[NH2+]Cc2cccc(I)c2)c1,1
CCCN(CCC)C(=O)c1cc(C)cc(C(=O)N[C@@H](Cc2cc(F)cc(F)c2)[C@H](O)[C@@H]2[NH2+]CN(Cc3ccccc3)C2=O)c1,1
CCCN(CCC)C(=O)c1cc(C)cc(C(=O)N[C@@H](Cc2cc(F)cc(F)c2)[C@H](O)[C@H]2CN(S(=O)(=O)c3ccccc3)CC[NH2+]2)c1,1
CC(=O)N[C@@H](Cc1ccc(F)cc1)[C@H](O)C[NH2+][C@H]1CC2(CCC2)Oc2ncc(CC(C)(C)C)cc21,1
CC[C@H](C)[C@@]1(NC(C)=O)CCN([C@@H](CCc2ccccc2)C(=O)N[C@@H](Cc2ccccc2)[C@H](O)C[NH2+]Cc2cccc(OC)c2)C1=O,1
CO[C@H](C)C(=O)N[C@@H](Cc1cccc(-c2nccs2)c1)[C@H](O)C[NH2+][C@H]1CC2(CCC2)Oc2ncc(CC(C)(C)C)cc21,1
CC(C)[C@H](NC(=O)[C@H](C)C[C@H](O)[C@H](COCc1cc(F)cc(F)c1)NC(=O)c1cc(C(=O)N[C@H](C)c2ccccc2)cc(N(C)S(C)(=O)=O)c1)C(=O)NCc1ccccc1,1
CCCN(CCC)C(=O)c1cc(C)cc(C(=O)N[C@@H](Cc2cc(F)cc(F)c2)[C@H](O)[C@H]2C[C@@H](OCC)CC[NH2+]2)c1,1
CC(C)CNC(=O)[C@H](C)[NH2+]C[C@H](Cc1ccccc1)NC(=O)c1cc(C(=O)N[C@H](C)c2ccc(F)cc2)cc(N(C)S(C)(=O)=O)c1,1
CCC[C@H]1SC=C(c2cn[nH]c2)[C@H]1C[C@H](NC1=[NH+]C(C)(C)Cc2cc(Cl)ccc21)C(=O)[O-],1
CC(C)COc1ccc2c(c1)[C@]1(COC(N)=N1)c1cc(-c3cncnc3)ccc1O2,1
CC(=O)N[C@]1(CC(C)C)CCN([C@@H](CCc2ccccc2)C(=O)N[C@@H](Cc2cc(F)cc(F)c2)[C@H](O)[C@H]2Cc3ccccc3C[NH2+]2)C1=O,1
CC(=O)N[C@@H](Cc1ccccc1)[C@H](O)C[NH2+][C@H]1CC(C)(C)Oc2sc(CC(C)(C)C)cc21,1
CCCC[NH2+]C(=O)[C@@H](NC(=O)[C@@H]1CC(=O)C[C@H]1[C@H](O)[C@H](CC(C)C)NC(=O)[C@H](CCSC)NC(=O)[C@H](CC(C)C)NC(C)=O)C(C)C,1
CCCC[C@H]([NH3+])[C@H](Cc1ccsc1)NC(=O)c1cc(NC[C@H]2C[C@@H]2C)nc(N(C)S(C)(=O)=O)c1,1
CCCN(CCC)C(=O)c1cc(C(N)=O)cc(C(=O)N[C@@H](Cc2cc(F)cc(F)c2)[C@H](O)C[NH2+]Cc2cccc(OC)c2)c1,1
CCC[C@H](Cc1cc2cc(-c3ccccc3C)ccc2nc1N)C(=O)NCC1CCCCC1,1
C[C@@H](NC(=O)c1cc(-c2nnc([C@](C)([NH3+])Cc3ccccc3)o2)cc(N(C)S(C)(=O)=O)c1)c1ccc(F)cc1,1
COc1c(C)cc([C@@]2(c3cccc(-c4cncnc4)c3)N=C(C)C(N)=[NH+]2)cc1C,1
CC(=O)N[C@@H](Cc1cc(F)cc(F)c1)[C@H](O)C[NH2+][C@@]1(c2cccc(C(C)(C)C)c2)CCc2n[nH]cc2C1,1
C[C@@]1(c2cc(NC(=O)c3ccc(C#N)cn3)ccc2F)C[C@@H](C(F)(F)F)OC(N)=N1,1
CCNc1cc(C(=O)N[C@@H](Cc2ccccc2)[C@H](O)C[NH2+][C@@H](C)C(=O)NC2CCCCC2)cc(N2CCCC2=O)c1,1
C[C@]1(c2cc(NC(=O)c3ccc(C#N)cn3)ccc2F)N=C(N)O[C@H](C(F)(F)F)[C@@H]1F,1
C/C=C\C=C\C[C@H]1CC[NH2+][C@@H]([C@@H](O)[C@H](Cc2cc(F)cc(F)c2)NC(=O)c2cc(C)cc(C(=O)N(CCC)CCC)c2)C1,1
CN1C(=O)[C@@](c2ccc(OC(F)F)cc2)(c2ccc(F)c(C#CCCCF)c2)N=C1N,1
C[C@@H](NC(=O)c1cc(C(=O)N[C@@H](Cc2ccccc2)[C@H](O)C[NH2+]C2CC2)cc(N(C)S(C)(=O)=O)c1)c1ccccc1,1
C[C@H]([NH2+]C[C@@H](O)[C@H](Cc1ccccc1)NC(=O)c1cccc(N(c2ccccc2)S(C)(=O)=O)c1)C(=O)NC1CCCCC1,1
CO[C@H](C)C(=O)N[C@@H](Cc1ccc2c(c1)OCO2)[C@H](O)C[NH2+][C@H]1CC2(CCC2)Oc2ncc(CC(C)(C)C)cc21,1
COCc1cc2cc(c1)C(=O)N[C@H]([C@H](O)C[NH2+]C1(c3cccc(C(C)C)c3)CC1)Cc1cccc(c1)OCCCCN2,1
CCc1ccc2c(c1)[C@@H]([NH2+]C[C@@H](O)[C@@H]1Cc3cccc(c3)CCCCCCC(=O)N1)CC1(CCC1)O2,1
CCCCN(C)C(=O)n1cc(C(=O)N[C@@H](Cc2cc(F)cc(F)c2)[C@H](O)C[NH2+]Cc2cccc(OC)c2)c2cc(C#N)ccc21,1
N#Cc1ccc(C(=O)Nc2ccc(F)c([C@]3(CF)C[C@@H](C(F)(F)F)OC(N)=N3)c2)nc1,1
CCNc1cc(C(=O)N[C@@H](Cc2ccccc2)[C@H](O)C[NH2+]Cc2cccc(OC)c2)cc2c1CCCS(=O)(=O)N2C,1
CN1C(=O)[C@@](c2ccc(OC(F)(F)F)cc2)(c2ccc(F)c(-c3cncnc3)c2)N=C1N,1
CN1C(=O)[C@@](c2ccncc2)(c2cccc(-c3cc(F)ccc3F)c2)N=C1N,1
CCn1ccc2c(N3CCCC3=O)cc(C(=O)N[C@@H](CC3=CC=CCC3)[C@H](O)C[NH2+]Cc3cccc(OC)c3)cc21,1
C[C@]1(c2cc(NC(=O)c3ccc(C#N)cn3)ccc2F)N=C(N)OCC1(F)F,1
CN1C(=O)[C@]2(CC(C)(C)Oc3ccc(-c4cccc(Cl)c4)cc32)N=C1N,1
CCN1CCN2CCS(=O)(=O)N(C)c3cc(C(=O)N[C@@H](Cc4ccccc4)[C@H](O)C[NH2+]Cc4cccc(OC)c4)cc1c32,1
CCC[C@H]1CN(Cc2ccc(CN3C(=N)N[C@](CCC4CCCCC4)(CC4CCCCC4)C3=O)cc2)C(=O)N1,1
C[C@@]1([NH3+])Cc2cccc(c2)CC[C@H](c2ccccc2)NC(=O)c2cc(cc(-c3ccccc3C#N)c2)COC1=O,1
C[C@@H](NC(=O)c1cc(COC(=O)[C@](C)([NH3+])Cc2ccccc2)cc(N(C)S(C)(=O)=O)c1)c1ccc(F)cc1,1
CC(C)c1cccc(C[NH2+]C[C@@H](O)[C@@H]2C[C@H](C)CCCCCCCCC(=O)N(C)[C@@H](C)C(=O)N2)c1,1
C[C@]1(c2cc(NC(=O)c3ccc(C#N)cn3)ccc2F)N=C(N)OC[C@@H]1F,1
CCc1cc([C@]2(c3cccc(-c4cncnc4)c3)N=C(N)N(C)C2=O)cc(CC)n1,1
CCNc1cc(C(=O)N[C@@H](Cc2ccccc2)[C@H](O)C[NH2+]C(C)(C)CCCC(C)C)cc(N2CCCC2=O)c1,1
CCc1ccc2c(c1)[C@@H]([NH2+]C[C@@H](O)[C@@H]1Cc3cccc(c3)CCCCCCCC(=O)N1)CC1(CCC1)O2,1
CC(C)[C@H](NC(=O)C[C@H](O)[C@H](COc1cc(F)cc(F)c1)NC(=O)c1cc(C(=O)N[C@H](C)c2ccccc2)cc(N(C)S(C)(=O)=O)c1)C(=O)Nc1cc(C(=O)[O-])cc(C(=O)[O-])c1,1
CC(C)C[C@H](NC(=O)[C@H](CC(N)=O)NC(=O)[C@@H](NC(=O)[C@@H]([NH3+])CCC(=O)[O-])C(C)C)[C@@H](O)[C@@H]1CCC[C@H]1C(=O)N[C@@H](C)C(=O)[O-],1
CCNc1cc(C(=O)N[C@@H](Cc2ccccc2)[C@H](O)C[NH2+]Cc2cccc(C(F)(F)F)c2)cc(N2CCCC2=O)c1,1
COc1ccc([C@]2(c3cccc(-c4cccnc4)c3)N=C(N)N(C)C2=O)cc1C,1
C[C@]1(c2cc(NC(=O)c3ccc(C#N)cn3)ccc2F)N=C(N)O[C@@H](C(F)(F)F)[C@@H]1F,1
COc1cccc(-c2cccc([C@@]3(c4ccncc4)[NH+]=C(N)N4CC(F)(F)CN=C43)c2)c1F,1
CC(=O)N[C@@H](Cc1ccccc1)[C@H](O)C[NH2+][C@H]1CC(C)(C)Cc2nn(CC(C)(C)C)cc21,1
CC(=O)Nc1c(Cl)cc(CNC(=N)NC(=O)Cn2ccc3ccc(C#N)cc32)cc1Cl,1
CC(=O)N[C@@H](Cc1cc(F)cc(F)c1)[C@H](O)C[NH2+]C1(c2cccc(C(C)(C)C)c2)CCCCC1,1
CN1C(=O)[C@]2(CC(C)(C)Cc3ccc(-c4cncnc4)cc32)N=C1N,1
COC(=O)[C@H]1CCCN1C(=O)[C@@H](Cc1ccccc1)N(C)C(=O)[C@H](C)NC(=O)[C@H](CC(C)C)NC(=O)C[C@H](O)[C@H](Cc1ccccc1)NC(=O)[C@H](CCC(N)=O)N(C)C(=O)[C@@H](NC(=O)OC(C)(C)C)C(C)C,1
CC(C)(C)c1cccc(C[NH2+][C@H]2CS(=O)(=O)C[C@@H](Cc3cc(F)c(N)c(C[C@H](O)C(F)(F)F)c3)[C@@H]2O)c1,1
N#Cc1ccc(C(=O)Nc2ccc(F)c([C@@]3(CF)N=C(N)OCC3(F)F)c2)nc1,1
C[C@@]1(c2cc(NC(=O)c3ccc(C#N)cn3)ccc2F)CCOC(N)=N1,1
CCCCNC(=O)[C@H](C)C[C@H](O)[C@H](CC(C)C)NC(=O)[C@H](CCSC)NC(=O)[C@H](CC(C)C)NC(C)=O,1
N#Cc1ccc(C(=O)Nc2ccc(F)c([C@]3(C(F)F)CCOC(N)=N3)c2)nc1,1
CCC[N@H+]1CCC[C@@]12CCN([C@@H](C)C(=O)N[C@@H](Cc1ccccc1)[C@H](O)C[NH2+]Cc1cccc(C(C)C)c1)C2=O,1
CC(C)(C)c1cccc(C[NH2+][C@H]2CS(=O)(=O)C[C@@H](Cc3ccc4[nH]cc(CC(F)F)c4c3)[C@@H]2O)c1,1
COC(=O)[C@@H]1CCCN1C(=O)[C@@H](Cc1ccccc1)N(C)C(=O)[C@H](C)NC(=O)[C@H](CC(C)C)NC(=O)C[C@H](O)[C@H](Cc1ccccc1)NC(=O)c1cc(C(=O)N[C@H](C)c2ccccc2)cc(N(C)S(C)(=O)=O)c1,1
CC(=O)N[C@@H](Cc1cc(F)cc(F)c1)[C@H](O)C[NH2+]C1(c2cccc(-n3cccn3)c2)CCCCC1,1
CN1C(=O)[C@@](c2ccncc2)(c2cccc(-c3cccnc3)c2)N=C1N,1
CN1C(=O)[C@@](c2ccsc2)(c2cccc(-c3cccnc3)c2)N=C1N,1
C[C@@H](NC(=O)c1cc(C(=O)N[C@@H](Cc2ccccc2)[C@H](O)[C@@H]2[NH2+]C(C)(C)N(C)C2=O)cc(N(C)S(C)(=O)=O)c1)c1ccc(F)cc1,1
CC(C)C[C@H](NC(=O)C[C@H](O)[C@H](CC1CCCCC1)NC(=O)[C@H](CCC(N)=O)N(C)C(=O)[C@@H](NC(=O)[C@H](C)O)C(C)C)C(=O)N[C@@H](C)C(=O)N(C)[C@H](CC1CCCCC1)C(=O)[O-],1
Cc1ccccc1-c1ccc2nc(N)c(CCC(=O)NC3CCCCC3)cc2c1,1
O=C(N[C@@H](Cc1ccccc1)[C@H](O)C[NH2+]Cc1cccc(C(F)(F)F)c1)c1cc(N2CCCC2=O)c(=O)n(C2CCCC2)c1,1
N#Cc1ccc(C(=O)Nc2ccc(F)c([C@@]3(CF)N=C(N)OC[C@@H]3F)c2)nc1,1
COCC#Cc1cccc([C@@]2(c3ccc(OC(F)F)cc3)[NH+]=C(N)N3CC(F)(F)CN=C32)c1,1
Cc1cc2cc(c1)[C@@H](O)[NH2+][C@@H](c1ccccc1)C/C=C/COC[C@@H]([C@H](O)C[NH2+]Cc1cccc(C(C)C)c1)NC2=O,1
CC#Cc1cncc(-c2cccc([C@]3(C4CC4)N=C(C)C(N)=[NH+]3)c2)c1,1
CCn1cc([C@]2(c3cccc(-c4cncnc4)c3)N=C(N)N(C)C2=O)cn1,1
CN1C(=O)[C@]2(CC(C)(C)Oc3ccc(-c4cccc(C#N)c4)cc32)N=C1N,1
CCCCN(CCCC)C(=O)n1cc(C(=O)N[C@@H](Cc2ccccc2)[C@H](O)C[NH2+]Cc2cccc(OC)c2)c2ccccc21,1
C[C@@]1(c2cc(NC(=O)c3ccc(Cl)cn3)ccc2F)C[C@@H]2C[C@@H]2C(N)=[NH+]1,1
CN(c1cc(C(=O)N[C@@H](Cc2ccccc2)[C@H](O)C[NH2+]C2CC2)cc(C(=O)c2ccccc2)c1)S(C)(=O)=O,1
CC(C)Oc1cc(C[N@H+]2CC[C@@]3(C[C@@H]2C)CN(C)S(=O)(=O)N3c2cccc(F)c2)ccc1O,1
Nc1cccc(Cn2c(-c3ccc(Oc4cncnc4)cc3)ccc2-c2ccccc2Cl)n1,1
CCCC(CCC)S(=O)(=O)C[C@@H](NC(=O)OCc1ccccc1)C(=O)N[C@@H](Cc1ccccc1)[C@H](O)C[NH2+]Cc1cccc(OC)c1,0
CCCN(CCC)C(=O)c1cc(C)cc(C(=O)N[C@@H](Cc2cc(F)cc(F)c2)[C@H](O)[C@H]2C[N@@H+](Cc3ccccc3)CC[NH2+]2)c1,0
COC(=O)[C@@H]1CCCN1C(=O)[C@@H](CC1CCCCC1)N(C)C(=O)[C@H](C)NC(=O)[C@H](CC(C)C)NC(=O)C[C@H](O)[C@H](CC1CCCCC1)NC(=O)[C@H]1C[C@H](C(=O)N[C@H](C)C2CCCCC2)C[C@@H](NS(C)(=O)=O)C1,0
CC(C)(C)c1cccc(C[NH2+][C@H]2CS(=O)(=O)C[C@@H](Cc3cc(F)c4c(c3)C3(CCC(F)(F)CC3)CN4)[C@@H]2O)c1,0
O=C([C@@H]1C[NH2+]C[C@]12CCCc1ccccc12)N1CC[C@@H](c2ccccc2)C[C@H]1c1ccccc1,0
CCCN1C(=O)OC[C@@H]1Cc1cc(C[C@@H]2CS(=O)(=O)C[C@H]([NH2+]Cc3cccc(C(C)C)c3)[C@H]2O)ccc1O,0
CCCCNC(=O)[C@@H](NC(=O)[C@H](C)C[C@H](O)[C@@H]1CSC/C=C/CSC[C@H](NC(=O)OC(C)(C)C)C(=O)N[C@@H](C)C(=O)N1)C(C)C,0
COc1ccc([C@]2(C34CC5CC(CC(C5)C3)C4)N=C(N)N(C)C2=O)cc1C,0
CC1(C)Cc2cc(Cl)ccc2C(N[C@@H](Cc2ccccc2)c2nc3ccncc3c(=O)[nH]2)=[NH+]1,0
CCNc1cc(C(=O)N[C@@H](Cc2ccccc2)[C@H](O)C[NH2+]C2CCCCC2)cc(N2CCCC2=O)c1,0
CCOc1ccc(C(=O)Nc2ccc(F)c([C@@]3(C)N=C(N)OCC3(F)F)c2)nc1,0
COC(=O)[C@@H]1CCCN1C(=O)[C@@H](CC1CCCCC1)N(C)C(=O)[C@H](C)NC(=O)[C@H](CC(C)C)NC(=O)C[C@H](O)[C@H](CC1CCCCC1)NC(=O)[C@H](CCC(N)=O)N(C)C(=O)[C@@H](NC(=O)[C@H](C)O)C(C)C,0
CCCCNC(=O)[C@H](C)C[C@H](O)[C@@H]1CSC/C=C/CS[C@H]2CCC[NH2+][C@H]2C(=O)N[C@@H](C)C(=O)N1,0
CCCN(CCC)C(=O)c1cccc(C(=O)N[C@@H](Cc2ccccc2)[C@H](O)C[NH2+]Cc2cccc(OC)c2)c1,0
CC(C)C[C@H](NC(=O)[C@@H](NC(=O)[C@@H]([NH3+])CNC(=O)c1nnn[n-]1)C(C)C)C(=O)NC[C@](O)(CCc1ccccc1)C(=O)Nc1cccc(C(=O)[O-])c1,0
NC1=[NH+][C@](c2ccnc(C(F)(F)F)c2)(c2ccc(F)c(-c3cncnc3)c2)c2cccc(F)c21,0
COc1cccc(-c2cccc(CC[C@]3(C)CC(=O)N(C)C(N)=N3)c2)c1,0
C[C@@H](NC(=O)c1cc(C(=O)OC[C@@]([NH3+])(CO)Cc2ccccc2)cc(N(C)S(C)(=O)=O)c1)c1ccc(F)cc1,0
CCc1ccnc2c(N3CCCC3=O)cc(C(=O)N[C@@H](Cc3ccccc3)[C@H](O)C[NH2+]Cc3cccc(C(F)(F)F)c3)cc12,0
COc1ccc2c(c1)[C@]1(COC(N)=N1)c1cc(-c3cc(Cl)ccc3F)ccc1O2,0
CC1(C)Cc2cc(Cl)ccc2C(N[C@@H](Cc2cscc2Br)C(=O)[O-])=[NH+]1,0
CN1CC(N)=[NH+][C@](C)(c2cccc(NC(=O)c3ccc(Cl)cn3)c2)C1=O,0
COc1cccc(-c2cccc([C@]3(C)CC(=O)N(C)C(N)=N3)c2)c1,0
CC(C)c1cccc(C[NH2+]C[C@@H](O)[C@@H]2COC/C=C/C[C@@H](c3ccccc3)NC(=O)c3cc(cc(N(C)S(C)(=O)=O)c3)C(=O)N2)c1,0
N#CCCCOc1ccc(-c2ccc(-c3ccccc3Cl)n2Cc2cccc(N)n2)cc1,0
C[C@]1(c2cc(NC(=O)c3ccc(C#N)cn3)ccc2F)N=C(N)OC[C@H]1F,0
CC1(C)Cc2cc(Cl)ccc2C(N[C@@H](Cc2cscc2-c2cn[nH]c2)C(=O)[O-])=[NH+]1,0
CC1(C)Cc2cc(Cl)ccc2C(N[C@@H](Cc2ccccc2)c2ncc(C#N)c(=O)[nH]2)=[NH+]1,0
CC(=O)N[C@@H](Cc1cc(F)cc(F)c1)[C@H](O)C[NH2+]C1(c2cc(CC(C)(C)C)cs2)CC1,0
CCCCNC(=O)[C@H](C)C[C@H](O)[C@H](CC(C)C)NC(=O)[C@H](CCSC)NC(=O)CCC(C)C,0
CCCOc1ccc(-c2csc(-c3ccccc3Cl)c2CC(=O)NC(N)=[NH2+])cc1,0
CCCCNC(=O)[C@H](C)C[C@H](O)[C@@H]1C[C@H](C)CCCCCCCC(=O)N[C@@H](C)C(=O)N1,0
NC(=[NH2+])NC(=O)Cn1c(-c2ccccc2)ccc1-c1ccc(NC(=O)c2cccc(Br)c2)cc1,0
CCCOc1cc(C(=O)N[C@@H](Cc2ccccc2)[C@H](O)C[NH2+][C@@H](C)C(=O)NC2CCCCC2)cc(N2CCCC2=O)c1,0
CN1C(=N)N[C@](CCC2CCCCC2)(CC2CCCCC2)C1=O,0
CCCc1cscc1C[C@H](NC1=[NH+]C(C)(C)Cc2cc(Cl)ccc21)C(=O)[O-],0
COc1ccc([C@]2(c3cccc(-c4cncnc4)c3)[NH+]=C(N)c3nc(C)sc32)cc1,0
CC(=O)c1ccc(Oc2ccc(-c3ccc(-c4ccccc4Cl)n3CC(=O)NC(N)=[NH2+])cc2)cc1,0
CC1(C)Cc2cc(Cl)ccc2C(N[C@@H](Cc2ccccc2)c2noc(=O)[n-]2)=[NH+]1,0
C[C@@]1(c2cc(NC(=O)c3ccc(C#N)cn3)ccc2F)C[C@H](C(F)(F)F)OC(N)=N1,0
O=S1(=O)C[C@@H](Cc2ccc(O)c(Br)c2)[C@H](O)[C@@H]([NH2+]Cc2cccc(C3CC3)c2)C1,0
CC(=O)Nc1c(Cl)cc(C/N=C(\N)NC(=O)Cn2ccc3ccccc32)cc1Cl,0
CCCN(CCC)C(=O)c1cc(C)cc(C(=O)N[C@@H](Cc2cc(F)cc(F)c2)[C@H](O)[C@H]2CN(C(=O)c3ccccc3)CC[NH2+]2)c1,0
CC(F)(F)c1cccc(C[NH2+][C@H]2CS(=O)(=O)C[C@@H](Cc3cc(F)c(N)c(Br)c3)[C@@H]2O)c1,0
C[C@@H](NC(=O)c1cc(OCC(=O)NCCCCC[NH3+])cc(OS(=O)(=O)Cc2ccccc2)c1)c1ccc(F)cc1,0
CN1C(=O)[C@@](c2ccccc2)(C23CC4CC(CC(C4)C2)C3)N=C1N,0
C[C@@H]1CCc2cccc(c2)C[C@@](C)([NH3+])C(=O)OCc2cc(nc(N(C)S(C)(=O)=O)c2)CC1,0
CCCCCS(=O)(=O)c1cccc(C(=O)N[C@@H](Cc2ccccc2)[C@H](O)C[NH2+][C@@H](C)C(=O)NC2CCCCC2)c1,0
CC(C)Oc1cccc(C[N@H+]2CC[C@@]3(C[C@@H]2C)CN(C)S(=O)(=O)N3c2cccc(F)c2)c1,0
CC(=O)Nc1ccc(C[NH+]2CCC3(CC2)C(NC2CCCCC2)=NC(=O)N3c2cccc(F)c2)cc1,0
COc1ccc([C@@]2(c3cccc(-c4cccnc4F)c3)COC(N)=N2)cc1,0
COc1ccc([C@@]2(c3cccc(-c4cccnc4)c3)C[C@@H](OC)C(N)=[NH+]2)cc1,0
COc1ccc([C@H](Cc2cc([N+](=O)[O-])ccc2OC)c2c[nH]c(N)n2)cc1F,0
CCCCNC(=O)[C@H](C)C[C@H](O)[C@H](Cc1ccccc1)NC(=O)[C@@H]1CCC[C@H](C(C)(C)NC(C)=O)C1,0
NC(=[NH2+])NC(=O)Cn1c(-c2ccccc2)ccc1-c1ccccc1,0
O=C(O[C@H]1CCS(=O)(=O)c2ccc(Br)cc21)[C@H]1C[C@]2(C[NH2+]1)C(=O)Nc1ccccc12,0
Nc1ncccc1NCc1cc(-c2ccc3cc[nH]c3c2)ccc1OCc1ccccn1,0
CCCN(CCC)C(=O)c1cc(C)cc(C(=O)N[C@@H](Cc2cc(F)cc(F)c2)[C@@H](O)C[NH2+]Cc2cccc(OC)c2)c1,0
COc1cccc(-c2cccc([C@@H]3C[C@@H]3c3cc(=O)n(C)c(N)n3)c2)c1,0
N#Cc1ccc(COC(=O)[C@H]2C[C@]3(C[NH2+]2)C(=O)Nc2ccccc23)cc1Br,0
C[C@]1(c2cccc(-c3cccc(Cl)c3)c2)[NH+]=C(N)CCO1,0
CC(C)C[C@@]1(C)NC(=N)N(Cc2ccc(CNC(=O)Nc3ccc(C#N)cc3)cc2)C1=O,0
CC[C@@H](CC(=O)NCC1CCCCC1)n1c(N)nc2cc(Cl)ccc21,0
COc1ccc([C@@]2(c3cccc(-c4cncnc4)c3)CCC(N)=[NH+]2)cc1,0
CC[C@@H](CC(=O)NC1C2CC3CC(C2)CC1C3)n1c(N)nc2cc(Cl)ccc21,0
Nc1ncccc1NCc1cccc(-c2ccc3cc[nH]c3c2)c1,0
NC1=N[C@@]2(c3cccc(-c4cncc(Cl)c4)c3)CCCC[C@H]2O1,0
N#Cc1ccc(COC(=O)[C@H]2C[C@]3(C[NH2+]2)C(=O)Nc2ccccc23)cc1,0
Cc1cccc(-c2ccc([C@@H]3C[C@@H]3c3cc(=O)n(C)c(N)n3)cc2)c1,0
CN1C(=N)N[C@](C)([C@@H]2C[C@H]2c2ccccc2)CC1=O,0
Cc1ccc(Nc2cc(-c3ccccc3)ncn2)cc1NS(C)(=O)=O,0
COc1cccc(-c2cccc(CCc3cccc(N)n3)c2)c1,0
N#CC1(OC(=O)[C@H]2C[C@]3(C[NH2+]2)C(=O)Nc2ccccc23)CCCCC1,0
CN(C(=O)CCCn1c(N)nc2cc(Cl)ccc21)C1CCCCC1,0
CC1(C)Cc2ccccc2/C(=[NH+]/[C@@H](Cc2ccccc2)C(=O)[O-])N1,0
CN1C(=O)[C@]2(CC(C)(C)Oc3ccc(Br)cc32)N=C1N,0
NC1=[NH+]C(c2ccccc2)(c2ccccc2)C2=NCCCN21,0
COc1cncc(-c2cccc(CNc3cccnc3N)c2)c1,0
COc1ccc([C@]2(C)CCSC(N)=N2)cc1,0
CN1C(=O)C[C@@](C)(CCc2ccccc2)N=C1N,0
CCCCNC(=O)NCc1ccc(CN2C(=N)N[C@](C)(CC(C)C)C2=O)cc1,0
O=C(OCc1ccccc1)[C@H]1C[C@]2(C[NH2+]1)C(=O)Nc1ccccc12,0
Nc1cccc(CCc2ccc3cc[nH]c3c2)n1,0
NC1=N[C@@]2(c3cccc(-c4cncnc4)c3)CCOC[C@H]2O1,0
C[C@@]1(c2cccc(-c3cccnc3)c2)N=C(c2ccccc2)C(N)=[NH+]1,0
Nc1ncccc1NCc1cccc(-c2cccnc2)c1,0
O=C(OC1CCOCC1)[C@H]1C[C@]2(C[NH2+]1)C(=O)Nc1ccccc12,0
Nc1nc(CCc2ccc3cc[nH]c3c2)cc(=O)[nH]1,0
CCCCOc1ccc(CSC(N)=[NH2+])cc1Cl,0
C[N@@H+](Cc1cccc(CCc2cccnc2N)c1)Cc1ccco1,0
Nc1ncccc1NCc1ccccc1,0
CC(C)C[C@@]1(C)NC(=N)N(Cc2cccc(Cl)c2)C1=O,0
Fc1ccc(CC2CC[NH2+]CC2)cc1,0
Cn1c(N)nc([C@H]2C[C@H]2c2ccccc2)cc1=O,0
CC1(C)NC(=N)N(Cc2cccc(Cl)c2)C1=O,0
Nc1nc2cc(Cl)ccc2n1CCCO,0
Nc1nc2ccccc2nc1N1CCCC1,0
Nc1ncccc1CCc1cccc(Cl)c1,0
Nc1nccc2ccccc12,0
Nc1ccc2ccccc2n1,0
Cc1ccc(C)c(OCC(O)C[NH+]2CCOCC2)c1,0
CCCc1cc(=O)[nH]c(N)n1,0
Cc1cc(C)n(COC(=O)NC(CS(C)(=O)=O)C(=O)NC(CC(C)C)C(O)CC(C)C(=O)NC(C(=O)NCC(C)C)C(C)C)n1,1
CC(C)CC(NC(=O)C([NH3+])CCC(=O)[O-])C(=O)NC(CC(=O)[O-])C(=O)NC(CC(C)C)C(O)CC(C)C(=O)NC(C(=O)NC(CCC(=O)[O-])C(=O)NC(Cc1ccccc1)C(=O)[O-])C(C)C,1
COCC1CCCN1C(=O)c1cc(C)cc(C(=O)NC(Cc2cc(F)cc(F)c2)C(O)C2CC(Oc3ccccc3)C[NH2+]2)c1,1
COCC1CCCN1C(=O)c1cc(C)cc(C(=O)NC(Cc2cc(F)cc(F)c2)C(O)C2CN(S(=O)(=O)c3cccc(C)c3)CC[NH2+]2)c1,1
COC(CC(O)C(COc1cc(F)cc(F)c1)NC(=O)c1cc(C(=O)NC(C)c2ccccc2)cc(N(C)S(C)(=O)=O)c1)C(=O)NC(C(=O)NCc1ccccc1)C(C)C,1
CC(C)CC(NC(=O)C(CC(N)=O)NC(=O)C(NC(=O)C([NH3+])CCC(=O)[O-])C(C)C)C(O)CC(C)C(=O)NC(C)C(=O)NC(CCC(=O)[O-])C(=O)NC(Cc1ccccc1)C(=O)[O-],1
COc1cccc(N2CC3C(=O)N(C)C(N)=NC3(c3cc(-c4cccc(C#N)c4)cs3)C2)n1,1
CC(C)CC(NC(=O)c1cc(C(=O)NC(C)c2ccccc2)cc(N(C)S(C)(=O)=O)c1)C(O)CC(C)C(=O)NC(C(=O)NC(C)C)C(C)C,1
CC#Cc1cncc(-c2cc(Cl)c(C3(C)CC(=O)N(C)C(=[NH2+])N3)s2)c1,1
COc1cccc(C[NH2+]CC(O)C(Cc2ccccc2)NC(=O)c2cc(C(=O)NC(C)c3ccccc3)cc(N(C)S(C)(=O)=O)c2)c1,1
CN1C(=O)C2CN(C(=O)c3ccccc3)CC2(c2cc(-c3cccc(C#N)c3)cs2)N=C1N,1
COc1cccnc1N1CC2C(=O)N(C)C(N)=NC2(c2cc(-c3cccc(C#N)c3)cs2)C1,1
COCCOC(CC(O)C(COc1cc(F)cc(F)c1)NC(=O)c1cc(C(=O)NC(C)c2ccccc2)cc(N(C)S(C)(=O)=O)c1)C(=O)NC(C(=O)NCc1ccccc1)C(C)C,1
CC#Cc1cncc(-c2cccc(C3(C4CC4)NC(=[NH2+])N(C)C3=O)c2)c1,1
CN1C(=O)C2CN(c3ncccc3C#N)CC2(c2cc(-c3cccc(C#N)c3)cs2)N=C1N,1
CN(C(=O)CCN1Cc2cc(C(=O)c3ccccc3)ccc2[NH+]=C1N)C1CCCCC1,1
CCn1cc2c3c(cc(C(=O)NC(Cc4ccccc4)C(O)(O)C[NH2+]C4CCOCC4)cc31)N(C)S(=O)(=O)CC2,1
COc1ccc(-c2nsc(C)c2C(=O)/N=C(/N)NCc2cc(C)c(NC(C)=O)c(Cl)c2)cc1,1
CC(C)CNC(=O)C([NH2+]CC(Cc1ccccc1)NC(=O)c1cc(C(=O)NC(C)c2ccccc2)cc(N(C)S(C)(=O)=O)c1)C(C)O,1
CC(C)CC(NC(=O)C1CC(=O)NCCCCCCOC(=O)NC(C(C)C)C(=O)N1)C(O)CC(C)C(=O)NC(C(=O)NCc1ccccc1)C(C)C,1
CCCN(CCC)C(=O)c1cccc(C(=O)NC(Cc2ccccc2)C([NH3+])CC(C)C(=O)Nc2ccc(F)cc2)c1,1
NC1=[NH+]C(c2cccc(-c3cncnc3)c2)(c2ccnc(C(F)F)c2)c2cccc(F)c21,1
COc1ccc(-c2nsc(C)c2C(=O)/N=C(/N)NCc2cc(Cl)c(N)c(Cl)c2)cc1,1
CN1C(=O)CC(C)(c2cc(-c3cccc(C#N)c3)cs2)N=C1N,1
CN1C(=[NH2+])NC(c2cccc(-c3cncc(Cl)c3)c2)(C2CC2)C1=O,1
CN1C(=O)C2CN(c3ccccc3)CC2(c2ccc(-c3ccc(F)c(C#N)c3)s2)N=C1N,1
COc1cccc(-c2cccc(C3(c4ccccc4)NC(=[NH2+])N(C)C3=O)c2)c1,1
COc1cccc(-c2cccc(C3(C)CC(=O)N(C)C(N)=N3)c2)c1,1
COc1cccc(CN2CC(C(=O)NC(Cc3ccccc3)C(O)C[NH2+]Cc3cccc(N(C)C)c3)NC2=O)c1,1
CN1C(=[NH2+])NC(c2ccccc2)(c2cccc(-c3cccnc3)c2)C1=O,1
CN(C(=O)CCC(C1CCCCC1)N1Cc2cc(Oc3ccccc3)ccc2[NH+]=C1N)C1CCCCC1,1
CN1C(=[NH2+])NC(c2ccccc2)(c2ccccc2)C1=O,1
CN(C)c1cccc(C[NH2+]CC(O)C(Cc2ccccc2)NC(=O)C2(Cc3ccccc3)CN(Cc3ccccc3)C(=O)N2)c1,1
CC(C)(C)C#Cc1ccccc1-c1ccc2nc(N)ccc2c1,1
Nc1nc2ccccc2cc1CCC(=O)NCC1CCCCC1,1
CN(C(=O)CCc1cc2ccccc2nc1N)C1CCCCC1,1
Nc1ccc2cc(-c3ccsc3)ccc2n1,1
COc1cc(Cl)cc(C[NH+]2CCC(NC(=O)COc3ccc(S(N)(=O)=O)cc3C)CC2)c1OC(C)C,1
COc1cc(Cl)cc(C[NH+]2CCC(NC(=O)COc3ccc(S(N)(=O)=O)cc3)CC2)c1OC(C)C,1
[NH3+]CCc1ccc(O)c(C2CCCCC2)c1,1
CCc1cc(CC[NH3+])ccc1O,1
CC([NH3+])Cc1ccc(O)cc1,1
[NH3+]CCc1ccc(O)cc1,1
Cc1ccccc1-c1ccc2nc(N)c(CC(C)C(=O)NCCC(C)(C)C)cc2c1,1
CCC(C)C1(NC(C)=O)CCN(C(CCc2ccccc2)C(=O)NC(Cc2cc(F)cc(F)c2)C(O)C2CC(O)C[NH2+]2)C1=O,1
CC(=O)NC(Cc1ccc(C)c(F)c1)C(O)C[NH2+]C1CC2(CCC2)Oc2ncc(CC(C)(C)C)cc21,1
CC(=O)NC(Cc1cccc(F)c1)C(O)C[NH2+]C1CC2(CCC2)Oc2ncc(CC(C)(C)C)cc21,1
CCCN(CCC)C(=O)c1cc(C(=O)NC(Cc2cc(F)cc(F)c2)C(O)C[NH2+]Cc2cccc(OC)c2)cc(/C(C)=N\OC)c1,1
CCCS(=O)(=O)N(C)c1cc2cc(c1)C(=O)NC(C(O)C[NH2+]Cc1cccc(C(C)C)c1)Cc1cccc(c1)OCCCCN2,1
CC(C)c1cccc(C2([NH2+]CC(O)C3Cc4cccc(c4)OCCCCOc4cc(cc(N5CCCC5=O)c4)C(=O)N3)CC2)c1,1
CCC(C)C1(NC(C)=O)CCN(C(CCc2ccccc2)C(=O)NC(Cc2cc(F)cc(F)c2)C(O)C2CC(OCc3cccnc3)C[NH2+]2)C1=O,1
CCC(C)C1(NC(C)=O)CCN(C(CCc2ccccc2)C(=O)NC(Cc2cc(F)cc(F)c2)C(O)C2CC(OCc3ccccn3)C[NH2+]2)C1=O,1
COCC(=O)NC(Cc1cc(F)cc(-c2nccs2)c1)C(O)C[NH2+]C1CC2(CCC2)Oc2ncc(CC(C)(C)C)cc21,1
C#Cc1cc(F)cc(CC(NC(=O)COC)C(O)C[NH2+]C2CC3(CCC3)Oc3ncc(CC(C)(C)C)cc32)c1,1
CC(=O)NC(Cc1ccc(F)c(F)c1)C(O)C[NH2+]C1CC2(CCC2)Oc2ncc(CC(C)(C)C)cc21,1
CCCN(CCC)C(=O)c1cc(C(=O)NC(Cc2cc(F)cc(F)c2)C(O)C[NH2+]Cc2cccc(OC)c2)cc(C(C)O)c1,1
CCCS(=O)(=O)N(C)c1cc2cc(c1)C(=O)NC(C(O)C[NH2+]C1(c3cccc(C(C)C)c3)CC1)Cc1cccc(c1)OCCCCN2,1
CC(C)(C)c1cccc(C[NH2+]C2CS(=O)(=O)CC(Cc3cc(F)c(N)c(OC(C(F)(F)F)C(F)(F)F)c3)C2O)c1,1
COC[C@@H](Oc1cc(CC2CS(=O)(=O)CC([NH2+]Cc3cccc(C(C)(C)C)c3)C2O)cc(F)c1N)C(F)(F)F,1
CC(C)(O)c1cccc(C[NH2+]C2CS(=O)(=O)CC(Cc3cc(F)c(N)c(OC(C(F)(F)F)C(F)(F)F)c3)C2O)c1,1
CC(C)(CO)c1cccc(C[NH2+]C2CS(=O)(=O)CC(Cc3cc(F)c(N)c(OC(C(F)(F)F)C(F)(F)F)c3)C2O)c1,1
CC(=O)NC(Cc1ccc(F)c(OC(F)(F)F)c1)C(O)C[NH2+]C1CC2(CCC2)Oc2ncc(CC(C)(C)C)cc21,1
CC(=O)NC(Cc1cccc(C(F)(F)F)c1)C(O)C[NH2+]C1CC2(CCC2)Oc2ncc(CC(C)(C)C)cc21,1
CC(=O)NC(Cc1ccc(F)c(C#N)c1)C(O)C[NH2+]C1CC2(CCC2)Oc2ncc(CC(C)(C)C)cc21,1
CCn1cc(C2(c3cccc(NC(=O)c4ccccn4)c3)N=C(N)c3c(F)cccc32)cc(C)c1=O,1
Cc1ccccc1-c1ccc2nc(N)c(CC(C)C(=O)NCC3CCCCC3)cc2c1,1
CCc1ccc2c(c1)C([NH2+]CC(O)C1Cc3cccc(c3)CCCCn3cc(cc(N4CCCC4)c3=O)C(=O)N1)CC1(CCC1)O2,1
CC#Cc1cncc(-c2cccc(C3(c4cc(C)c(=O)n(CC)c4)N=C(N)c4c(F)cc(F)cc43)c2)c1,1
CCCOC1C[NH2+]C(C(O)C(Cc2cc(F)cc(F)c2)NC(=O)C(CCc2ccccc2)N2CCC(NC(C)=O)(C(C)CC)C2=O)C1,1
CCC(C)C1(NC(C)=O)CCN(C(CCc2ccccc2)C(=O)NC(Cc2cc(F)cc(F)c2)C(O)C2CC(Oc3ccccc3)C[NH2+]2)C1=O,1
CCC(C)C1(NC(C)=O)CCN(C(CCc2ccccc2)C(=O)NC(Cc2cc(F)cc(F)c2)C(O)C2CC(Oc3ccccn3)C[NH2+]2)C1=O,1
CCC(C)C1(NC(C)=O)CCN(C(CCc2ccccc2)C(=O)NC(Cc2cc(F)cc(F)c2)C(O)C2CC(OCc3cccc(C(F)(F)F)c3)C[NH2+]2)C1=O,1
CC(C)(C)Cc1cnc2c(c1)C([NH2+]CC(O)C1Cc3cccc(c3)CCCn3cc(ccc3=O)C(=O)N1)CC1(CCC1)O2,1
C#Cc1ccc(F)c(CC(NC(=O)COC)C(O)C[NH2+]C2CC3(CCC3)Oc3ncc(CC(C)(C)C)cc32)c1,1
CCCN(CCC)C(=O)c1cc(C(=O)NC(Cc2cc(F)cc(F)c2)C(O)C[NH2+]Cc2cccc(OC)c2)cc(/C(C)=N\O)c1,1
CCn1cc2c3c(cc(C(=O)NC(Cc4ccccc4)[C@H](O)C[NH2+]CCC(F)(F)F)cc31)N(C)S(=O)(=O)CC2,1
CCOc1cc(C(=O)NC(Cc2ccccc2)C(O)C[NH2+]Cc2cccc(C(F)(F)F)c2)cc(N(c2ccccc2)S(C)(=O)=O)c1,1
CCC(C)C1(NC(C)=O)CCN(C(CCc2ccccc2)C(=O)NC(Cc2cc(F)cc(F)c2)C(O)C2CC(OCc3cccc(C#N)c3)C[NH2+]2)C1=O,1
C[C@@H](Oc1cc(CC2CS(=O)(=O)CC([NH2+]Cc3cccc(C(C)(C)C)c3)C2O)cc(F)c1N)C(F)(F)F,1
CC(CC(O)C(COc1cc(F)cc(F)c1)NC(=O)c1cc(C(=O)NC(C)c2ccccc2)cc(N(C)S(C)(=O)=O)c1)C(=O)NC(C(=O)NCc1ccccc1)C(C)C,1
CC(O)C(=O)NC(Cc1cccc(-c2nccs2)c1)C(O)C[NH2+]C1CC2(CCC2)Oc2ncc(CC(C)(C)C)cc21,1
CC(C)c1cccc(C[NH2+]CC(O)C2COC/C=C/C[C@H](c3ccccc3)NC(=O)c3cc(cc(N(C)S(C)(=O)=O)c3)C(=O)N2)c1,1
C#Cc1cccc(CC(NC(=O)COC)C(O)C[NH2+]C2CC3(CCC3)Oc3ncc(CC(C)(C)C)cc32)c1,1
CC(=O)NC(Cc1ccccc1F)C(O)C[NH2+]C1CC2(CCC2)Oc2ncc(CC(C)(C)C)cc21,1
COc1ccc(CC(NC(C)=O)C(O)C[NH2+]C2CC3(CCC3)Oc3ncc(CC(C)(C)C)cc32)cc1F,1
CC(CC(O)C(COCc1ccccc1)NC(=O)c1cc(C(=O)NC(C)c2ccccc2)cc(N(C)S(C)(=O)=O)c1)C(=O)NC(C(=O)NCc1ccccc1)C(C)C,1
C#Cc1cc(CC(NC(=O)COC)C(O)C[NH2+]C2CC3(CCC3)Oc3ncc(CC(C)(C)C)cc32)ccc1F,1
CC(=O)NC(Cc1cccc(-c2nccs2)c1)C(O)C[NH2+]C1CC2(CCC2)Oc2ncc(CC(C)(C)C)cc21,1
CC(=O)NC(Cc1ccc(F)c(C)c1)C(O)C[NH2+]C1CC2(CCC2)Oc2ncc(CC(C)(C)C)cc21,1
CCCN(CCC)C(=O)c1cc(C(C)=O)cc(C(=O)NC(Cc2cc(F)cc(F)c2)C(O)C[NH2+]Cc2cccc(OC)c2)c1,1
CS(=O)(=O)N(c1ccccc1)c1cc(C(=O)NC(Cc2ccccc2)C(O)C[NH2+]Cc2cccc(C(F)(F)F)c2)cc(C2CCCC2)c1,1
COCCOC[C@@H](Oc1cc(CC2CS(=O)(=O)CC([NH2+]Cc3cccc(C(C)(C)C)c3)C2O)cc(F)c1N)C(F)(F)F,1
COCC(=O)NC(Cc1cccc(-c2nccs2)c1)C(O)C[NH2+]C1CC2(CCC2)Oc2ncc(CC(C)(C)C)cc21,1
CCC(C)C1(NC(C)=O)CCN(C(CCc2ccccc2)C(=O)NC(Cc2cc(F)cc(F)c2)C(O)C2Cc3cccc(OC)c3C[NH2+]2)C1=O,1
COc1cc(CC(NC(C)=O)C(O)C[NH2+]C2CC3(CCC3)Oc3ncc(CC(C)(C)C)cc32)ccc1F,1
CCCOC1C[NH2+]C(C(O)C(Cc2cc(F)cc(F)c2)NC(=O)C(CCc2ccccc2)N2CCC(C(O)CCC)C2=O)C1,1
CCn1cc2c3c(cc(C(=O)NC(Cc4ccccc4)C(O)C[NH2+]C4CCOCC4)cc31)N(C)S(=O)(=O)CC2,1
CCn1cc2c3c(cc(C(=O)NC(Cc4ccccc4)[C@H](O)CNc4ccccc4)cc31)N(C)S(=O)(=O)CC2,1
CCc1cn2c3c(cc(C(=O)NC(Cc4ccccc4)C(O)C[NH2+]C(C)(C)CCCC(C)C)cc13)N(C)S(=O)(=O)CC2,1
CCc1cn2c3c(cc(C(=O)N[C@@H](Cc4ccccc4)[C@H](O)C[NH2+]C4CCOCC4)cc13)N(CC)S(=O)(=O)CC2,1
CC(C)c1cc(C(=O)NC(Cc2ccccc2)C(O)C[NH2+]Cc2cccc(C(F)(F)F)c2)cc(N(c2ccccc2)S(C)(=O)=O)c1,1
CC(=O)NC(Cc1ccccc1)C(O)C[NH2+]C1CC2(CCC2)Oc2ncc(CC(C)C)cc21,1
CCCC(O)C1CCN(C(CCc2ccccc2)C(=O)NC(Cc2cc(F)cc(F)c2)C(O)C[NH2+]Cc2cccc(OC)c2)C1=O,1
COCC(=O)NC(Cc1cccc(-c2cncs2)c1)C(O)C[NH2+]C1CC2(CCC2)Oc2ncc(CC(C)(C)C)cc21,1
COCC(=O)NC(Cc1ccc2c(c1)OCO2)C(O)C[NH2+]C1CC2(CCC2)Oc2ncc(CC(C)(C)C)cc21,1
CCCOC1C[NH2+]C(C(O)C(Cc2cc(F)cc(F)c2)NC(=O)C(CCc2ccccc2)N2CCC(CC(C)C)C2=O)C1,1
COCC(=O)NC(Cc1cccc(-c2nc(C)cs2)c1)C(O)C[NH2+]C1CC2(CCC2)Oc2ncc(CC(C)(C)C)cc21,1
CCOCC(=O)NC(Cc1cccc(-c2nccs2)c1)C(O)C[NH2+]C1CC2(CCC2)Oc2ncc(CC(C)(C)C)cc21,1
CC(=O)NC(Cc1ccccc1)C(O)C[NH2+]C1CC2(CCC2)Oc2ncc(CC(C)(C)C)cc21,1
CCC(C)C1(NC(C)=O)CCN(C(CCc2ccccc2)C(=O)NC(Cc2cc(F)cc(F)c2)C(O)C2CC(Oc3cccnc3)C[NH2+]2)C1=O,1
CCc1ccc2c(c1)C([NH2+]CC(O)C1Cc3cccc(c3)CCCCn3cc(cc(-c4ccccn4)c3=O)C(=O)N1)CC1(CCC1)O2,1
CCCO/N=C(/C)c1cc(C(=O)NC(Cc2cc(F)cc(F)c2)[C@@H](O)C[NH2+]Cc2cccc(OC)c2)cc(N(c2ccccc2)S(C)(=O)=O)c1,1
CCNc1cc(C(=O)N[C@@H](Cc2ccccc2)[C@H](O)C[NH2+]C(C)(C)c2cccc(C(F)(F)F)c2)cc(N2CCCCS2(=O)=O)c1,1
CS(=O)(=O)N(c1ccccc1)c1cc(C(=O)NC(Cc2ccccc2)C(O)C[NH2+]Cc2cccc(C(F)(F)F)c2)cc(N2CCCC2=O)c1,1
CC(C)(C)c1cccc(C[NH2+]C2CS(=O)(=O)CC(Cc3cc(F)c(N)c(OCC(F)F)c3)C2O)c1,1
CC(C)(C)c1cccc(C[NH2+]C2CS(=O)(=O)CC(Cc3cc(F)c(N)c(OCC(F)(F)F)c3)C2O)c1,1
CC1(C)OCc2ccc(C[NH2+]C3CS(=O)(=O)CC(Cc4cc(F)c(N)c(OC(C(F)(F)F)C(F)(F)F)c4)C3O)cc21,1
CC#CCOc1cnc(C(=O)Nc2ccc(F)c(C3(C)N=C(N)OCC3(F)F)c2)cn1,1
Cc1cc(C2(c3cccc(C#CC4CC4)c3)N=C(N)c3c(F)cccc32)cn(C)c1=O,1
CCC(C)C1(NC(C)=O)CCN(C(CCc2ccccc2)C(=O)NC(Cc2cc(F)cc(F)c2)C(O)C[NH2+]Cc2cccc(OC)c2)C1=O,1
COCC(=O)NC(Cc1ccc(F)c(-c2nccs2)c1)C(O)C[NH2+]C1CC2(CCC2)Oc2ncc(CC(C)(C)C)cc21,1
CC(C)(C)Cc1cnc2c(c1)C([NH2+]CC(O)C(Cc1cccc(-c3nccs3)c1)NC(=O)C1CCCO1)CC1(CCC1)O2,1
CC#Cc1cncc(-c2cccc(C3(c4ccnc(C(F)F)c4)N=C(N)c4c(F)cccc43)c2)c1,1
CC(=O)NC(Cc1ccc(F)cc1F)C(O)C[NH2+]C1CC2(CCC2)Oc2ncc(CC(C)(C)C)cc21,1
CC(=O)NC(Cc1cc(F)cc(F)c1)C(O)C[NH2+]C1CC2(CCC2)Oc2ncc(CC(C)(C)C)cc21,1
COCC(=O)NC(Cc1cccc(-c2cscn2)c1)C(O)C[NH2+]C1CC2(CCC2)Oc2ncc(CC(C)(C)C)cc21,1
CCc1cn2c3c(cc(C(=O)NC(Cc4ccccc4)C(O)C[NH2+]CCC(F)(F)F)cc13)N(C)S(=O)(=O)CC2,1
CCc1cn2c3c(cc(C(=O)NC(Cc4ccccc4)C(O)C[NH2+]C4CCCCC4)cc13)N(CC)S(=O)(=O)CC2,1
CC(NC(=O)c1cc(-c2ncc(C(C)([NH3+])Cc3ccccc3)o2)cc(N(C)S(C)(=O)=O)c1)c1ccc(F)cc1,1
CC(C)(C)Cc1cc(C[NH2+]C2CS(=O)(=O)CC(Cc3cc(F)c(N)c(OC(C(F)(F)F)C(F)(F)F)c3)C2O)no1,1
CC(C)(C)c1cccc(C[NH2+]C2CS(=O)CC(Cc3cc(F)c(N)c(OC(CO)C(F)(F)F)c3)C2O)c1,1
CO[C@@H](C)C(=O)NC(Cc1cccc(-c2nccs2)c1)C(O)C[NH2+]C1CC2(CCC2)Oc2ncc(CC(C)(C)C)cc21,1
CCCCN(C)C(=O)n1cc(C(=O)NC(Cc2cc(F)cc(F)c2)C(O)C[NH2+]Cc2cccc(OC)c2)c2ccccc21,1
CC(C)c1cccc(C[NH2+]CC(O)C2COC/C=C\CCN(C)C(=O)c3cc(cc(N(C)S(C)(=O)=O)c3)C(=O)N2)c1,1
CCc1cn2c3c(cc(C(=O)NC(Cc4ccccc4)[C@H](O)C[NH2+]Cc4cccc(C(F)(F)F)c4)cc13)OS(=O)(=O)CC2,1
CCC[NH2+]C[C@@H](O)[C@H](Cc1ccccc1)NC(=O)c1cc2c3c(cn(CC)c3c1)CCS(=O)(=O)N2C,1
CCc1cn2c3c(cc(C(=O)NC(Cc4ccccc4)C(O)C[NH2+]Cc4cccc(OC)c4)cc13)N(C)S(=O)(=O)C2,1
CC([NH2+]CC(O)C(Cc1ccccc1)NC(=O)c1cccc(N(c2cccc(C#N)c2)S(C)(=O)=O)c1)C(=O)NC1CCCCC1,1
CCc1cc(CC2CS(=O)(=O)CC([NH2+]Cc3cccc(C(C)(C)C)c3)C2O)cc(F)c1NC(C)=O,1
CC(=O)NC(Cc1ccc2c(c1)OCO2)C(O)C[NH2+]C1CC2(CCC2)Oc2ncc(CC(C)(C)C)cc21,1
CCCCn1cc(C2(c3cccc(-c4cncnc4)c3)N=C(N)N(C)C2=O)cn1,1
CCCc1scc(-c2cn[nH]c2)c1CC(NC1=NC(C)(C)Cc2cc(Cl)ccc21)C(=O)[O-],1
CC(C)(C)c1cccc(C[NH2+]C2CS(=O)CC(Cc3cc(F)c(N)c(OCC(F)(F)F)c3)C2O)c1,1
CCn1cc(C2(c3cccc(-c4cncc(C#N)c4)c3)N=C(N)c3c(F)cccc32)cc(C)c1=O,1
CC(=O)NC(Cc1ccc(Cl)cc1)C(O)C[NH2+]C1CC2(CCC2)Oc2ncc(CC(C)(C)C)cc21,1
CCCCN(C)C(=O)n1cc(C(=O)NC(Cc2cc(F)cc(F)c2)C(O)C[NH2+]Cc2cccc(CC)c2)c2cccnc21,1
CC(=O)NC(Cc1cc(F)cc(F)c1)C(O)C[NH2+]C1(c2cccc(C(C)(C)C)c2)CCC(=NO)CC1,1
COc1cccc(C[NH2+]C[C@H](O)[C@H](Cc2cc(F)cc(F)c2)NC(=O)c2cc(/C(C)=N\OCc3ccccc3)cc(N(C)S(C)(=O)=O)c2)c1,1
COc1cccc(C[NH2+]C[C@H](O)[C@H](Cc2cc(F)cc(F)c2)NC(=O)c2cc(/C(C)=N\O)cc(N(c3ccccc3)S(C)(=O)=O)c2)c1,1
CCn1cc2c3c(cc(C(=O)NC(Cc4ccccc4)[C@H](O)C[NH2+]C4CC4)cc31)N(C)S(=O)(=O)CC2,1
CCc1cn2c3c(cc(C(=O)NC(Cc4ccccc4)C(O)C[NH2+]C4CCCCC4)cc13)N(C)S(=O)(=O)CC2,1
COCc1cc2cc(n1)OCCCCOc1cccc(c1)CC(C(O)C[NH2+]C1(c3cccc(C(C)C)c3)CC1)NC2=O,1
CC(C)(C)Cc1cnc2c(c1)C([NH2+]CC(O)C(Cc1cccc(-c3nccs3)c1)NC(=O)[C@@H]1CCCO1)CC1(CCC1)O2,1
COCC(=O)NC(Cc1cccc(-c2ccccn2)c1)C(O)C[NH2+]C1CC2(CCC2)Oc2ncc(CC(C)(C)C)cc21,1
COCC(=O)NC(Cc1cc(-c2nccs2)ccc1F)C(O)C[NH2+]C1CC2(CCC2)Oc2ncc(CC(C)(C)C)cc21,1
COCC(=O)NC(Cc1cccc(-c2ncco2)c1)C(O)C[NH2+]C1CC2(CCC2)Oc2ncc(CC(C)(C)C)cc21,1
CC(C)(C)Cc1cnc2c(c1)C([NH2+]CC(O)C1Cc3cccc(c3)CCCCn3cc(ccc3=O)C(=O)N1)CC1(CCC1)O2,1
COC(OC)C(=O)NC(Cc1cccc(-c2nccs2)c1)C(O)C[NH2+]C1CC2(CCC2)Oc2ncc(CC(C)(C)C)cc21,1
C=CCO/N=C(/C)c1cc(C(=O)NC(Cc2cc(F)cc(F)c2)C(O)C[NH2+]Cc2cccc(OC)c2)cc(C(=O)N(CCC)CCC)c1,1
CCCN(CCC)C(=O)c1cc(CCO)cc(C(=O)NC(Cc2cc(F)cc(F)c2)C(O)C[NH2+]Cc2cccc(OC)c2)c1,1
CO/N=C(\C)c1cc(C(=O)NC(Cc2cc(F)cc(F)c2)[C@@H](O)C[NH2+]Cc2cccc(OC)c2)cc(N(c2ccccc2)S(C)(=O)=O)c1,1
CCCN(CCC)C(=O)c1cc(Oc2ccccc2)cc(C(=O)NC(Cc2cc(F)cc(F)c2)C(O)C[NH2+]Cc2cccc(OC)c2)c1,1
CCCN(CCC)C(=O)c1cc(Oc2ccc(OC)cc2)cc(C(=O)NC(Cc2cc(F)cc(F)c2)C(O)C[NH2+]Cc2cccc(OC)c2)c1,1
CCC(C)[NH2+]C[C@@H](O)[C@H](Cc1ccccc1)NC(=O)c1cc2c3c(cn(CC)c3c1)CCS(=O)(=O)N2C,1
COc1ccc([C@@]2(c3ccc(F)c(-c4cccnc4F)c3)N=C(N)N(C)C2=O)cc1C,1
CC(NC(=O)c1cc(C(=O)NC(COc2cc(F)cc(F)c2)C(O)C[C@H](C)C(=O)NC(C(=O)NCc2ccccc2)C(C)C)cc(N(C)S(C)(=O)=O)c1)c1ccccc1,1
CCc1cc(C2(c3cccc(-c4cccnc4F)c3)N=C(N)N(C)C2=O)cc(CC)n1,1
CC([NH2+]CC(O)C(Cc1ccccc1)NC(=O)c1cccc(N(c2ccc(Cl)cc2)S(C)(=O)=O)c1)C(=O)NC1CCCCC1,1
CN1C(=O)[C@@](c2ccc(OC(F)F)cc2)(c2cccc(-c3cccnc3F)c2)N=C1N,1
CN1C(=O)[C@@](c2ccc(OC(F)F)cc2)(c2cccc(C#CCF)c2)N=C1N,1
CN1C(=O)[C@@](c2ccc(OC(F)F)cc2)(c2cccc(C#CCCF)c2)N=C1N,1
CN1C(=O)[C@@](c2ccc(OC(F)F)cc2)(c2cccc(C#CCCO)c2)N=C1N,1
CN1C(=O)[C@@](c2ccc(OC(F)F)cc2)(c2cccc(C#CCCCCO)c2)N=C1N,1
CN1C(=O)[C@@](c2ccc(OC(F)F)cc2)(c2ccc(F)c(OCCCF)c2)N=C1N,1
CN1C(=O)[C@@](c2ccc(OC(F)F)cc2)(c2cccc(OCCC(F)F)c2)N=C1N,1
COC[C@H]1CCCN1C(=O)n1cc(C(=O)N[C@@H](Cc2cc(F)cc(F)c2)[C@H](O)C[NH2+]Cc2cccc(OC)c2)c2cccnc21,1
Cc1ccccc1-c1ccc2nc(N)c(CC(C)C(=O)NCC3CCOCC3)cc2c1,1
CCC(C)C1(NC(C)=O)CCN(C(CCc2ccccc2)C(=O)NC(Cc2cc(F)cc(F)c2)C(O)C2CC(OCc3ccc(F)cc3)C[NH2+]2)C1=O,1
CCn1cc(C2(c3cccc(-c4cccnc4F)c3)N=C(N)N(C)C2=O)cn1,1
CCCCn1cc(C2(c3cccc(-c4cccnc4F)c3)N=C(N)N(C)C2=O)cn1,1
CCC(=O)c1cc(C2(c3cccc(-c4cccnc4F)c3)N=C(N)N(C)C2=O)cs1,1
CC#Cc1cncc(-c2ccc3c(c2)C2(CC(C)(C)O3)N=C(N)N(C)C2=O)c1,1
COCC(Oc1cc(CC2CS(=O)CC([NH2+]C(C)c3cccc(C(C)(C)C)c3)C2O)cc(F)c1N)C(F)(F)F,1
COCC(Oc1cc(CC2CS(=O)CC([NH2+]Cc3cc(C(C)(C)C)ccc3F)C2O)cc(F)c1N)C(F)(F)F,1
CC(=O)NC(Cc1ccc(F)c(C(F)(F)F)c1)C(O)C[NH2+]C1CC2(CCC2)Oc2ncc(CC(C)(C)C)cc21,1
COc1cccc(C[NH2+]C[C@H](O)[C@H](Cc2cc(F)cc(F)c2)NC(=O)c2cccc(N(c3ccccc3)S(C)(=O)=O)c2)c1,1
CCCN(CCC)C(=O)c1cc(C(=O)NC(Cc2cc(F)cc(F)c2)C(O)C[NH2+]Cc2cccc(OC)c2)cc(S(=O)(=O)c2ccccc2)c1,1
C#CC[NH2+]C[C@@H](O)C(Cc1ccccc1)NC(=O)c1cc2c3c(cn(CC)c3c1)CCS(=O)(=O)N2C,1
COc1ccc(N(c2cccc(C(=O)NC(Cc3ccccc3)C(O)C[NH2+]C(C)C(=O)NC3CCCCC3)c2)S(C)(=O)=O)cc1,1
CC([NH2+]CC(O)C(Cc1ccccc1)NC(=O)c1cccc(N(c2cc(Cl)cc(Cl)c2)S(C)(=O)=O)c1)C(=O)NC1CCCCC1,1
CC(Cc1cc2cc(-c3ncccc3Cl)ccc2nc1N)C(=O)NCCC(C)(C)C,1
COc1cccc(C[NH2+]CC(O)C(Cc2ccccc2)NC(=O)C(CCc2ccccc2)N2CCC(CC3CC3)(NC(C)=O)C2=O)c1,1
CC(C)(C)c1cccc(C[NH2+]C2CS(=O)(=O)CC(Cc3cc(F)c(N)c(OC4CCC4)c3)C2O)c1,1
C#Cc1cccc(CC(NC(=O)COC)C(O)C[NH2+]C2CC3(CCC3)Oc3ncc(CC(C)(C)C)cc32)c1F,1
CCC(=O)NC(Cc1cccc(-c2nccs2)c1)C(O)C[NH2+]C1CC2(CCC2)Oc2ncc(CC(C)(C)C)cc21,1
COc1cccc(C[NH2+]C[C@H](O)[C@H](Cc2cc(F)cc(F)c2)NC(=O)c2cc(/C(C)=N\OCc3ccccc3)cc(N(c3ccccc3)S(C)(=O)=O)c2)c1,1
CCCN(CCC)C(=O)c1cc(C(=O)NC(Cc2cc(F)cc(F)c2)C(O)C[NH2+]Cc2cccc(OC)c2)cc(S(=O)(=O)c2ccc(OC)cc2)c1,1
COCC#Cc1cc([C@@]2(c3ccc(OC(F)F)cc3)N=C(N)N(C)C2=O)ccc1F,1
CCOC[C@H]1CCCN1C(=O)n1cc(C(=O)N[C@@H](Cc2cc(F)cc(F)c2)[C@H](O)C[NH2+]Cc2cccc(OC)c2)c2cccnc21,1
CN1CCC(C)(c2cc(NC(=O)c3ccc(Cl)cn3)ccc2F)N=C1N,1
COCC(Oc1cc(CC2CS(=O)CC([NH2+]Cc3cccc(C(C)(C)CO)c3)C2O)cc(F)c1N)C(F)(F)F,1
CCn1cc(C2(c3cccc(-c4cncc(F)c4)c3)N=C(N)c3c(F)cccc32)cc(C)c1=O,1
CCn1cc2c3c(cc(C(=O)NC(Cc4ccccc4)C(=O)C[NH2+]C4CCOCC4)cc31)N(C)S(=O)(=O)CC2,1
CS(=O)(=O)N(c1ccccc1)c1cc(C(=O)NC(Cc2ccccc2)C(O)C[NH2+]Cc2cccc(C(F)(F)F)c2)cc(-c2ccccc2)c1,1
COCC#Cc1cc([C@@]2(c3ccc(OC(F)F)c(C)c3)N=C(N)N(C)C2=O)ccc1F,1
CCCCN(C)C(=O)n1cc(C(=O)NC(Cc2cc(F)cc(F)c2)C(O)C[NH2+]Cc2cccc(OC)c2)c2cc(F)ccc21,1
C#CCOc1cnc(C(=O)Nc2ccc(F)c(C3(C)N=C(N)OCC3(F)F)c2)cn1,1
COCC(Oc1cc(CC2CS(=O)CC([NH2+]Cc3cccc(C(C)(C)O)c3)C2O)cc(F)c1N)C(F)(F)F,1
COc1cncc(-c2cccc(C3(c4ccc(OC(F)F)cc4)N=C(N)N4CC(F)(F)CN=C43)c2)c1,1
CC(=O)NC(Cc1ccc(OC(F)(F)F)cc1)C(O)C[NH2+]C1CC2(CCC2)Oc2ncc(CC(C)(C)C)cc21,1
CCc1cn2c3c(cc(C(=O)NC(Cc4ccccc4)[C@H](O)C[NH2+]Cc4cccc(OC)c4)cc13)NS(=O)(=O)CC2,1
CC(=O)NC(Cc1cc(F)cc(F)c1)C(O)C[NH2+]C1(c2cccc(C(C)(C)C)c2)CCc2nc(N)ncc2C1,1
CCS(=O)(=O)c1cc(C(=O)NC(Cc2ccccc2)C(O)C[NH2+]Cc2cccc(C(F)(F)F)c2)cc(N(c2ccccc2)S(C)(=O)=O)c1,1
CC(C)c1cccc(C[NH2+]CC(O)C2COC/C=C/CCNC(=O)c3cc(cc(N(C)S(C)(=O)=O)c3)C(=O)N2)c1,1
CC1(c2cc(NC(=O)c3ccc(Cl)cn3)ccc2F)CCCOC(N)=N1,1
CCc1cn2c3c(cc(C(=O)NC(Cc4ccccc4)C(O)C[NH2+]C4CCOCC4)cc13)N(C)S(=O)(=O)CC2,1
CCc1cn2c3c(cc(C(=O)NC(Cc4ccccc4)C(O)C[NH2+]C)cc13)N(C)S(=O)(=O)CC2,1
CS(=O)(=O)N(c1ccccc1)c1cc(C(=O)NC(Cc2ccccc2)C(O)C[NH2+]Cc2cccc(C(F)(F)F)c2)ccn1,1
CC(=O)c1ccccc1-c1ccc2nc(N)c(CC(C)C(=O)NCCC(C)(C)C)cc2c1,1
CCC(=O)c1cc(C2(c3cccc(-c4cncnc4)c3)N=C(N)N(C)C2=O)cs1,1
CC#Cc1cccc(CC(NC(=O)COC)C(O)C[NH2+]C2CC3(CCC3)Oc3ncc(CC(C)(C)C)cc32)c1,1
CN(c1cc2cc(c1)C(=O)NC(C(O)C[NH2+]Cc1cccc(C(C)(C)C)c1)COC/C=C/CCNC2=O)S(C)(=O)=O,1
CN1C(=O)CC(C)(c2cccc(NC(=O)c3ccc(Cl)cn3)c2)N=C1N,1
CCn1cc(C2(c3cccc(-c4cncnc4)c3)N=C(N)c3c(F)cccc32)cc(C)c1=O,1
CCCN(CCC)C(=O)c1cc(CC(C)O)cc(C(=O)NC(Cc2cc(F)cc(F)c2)C(O)C[NH2+]Cc2cccc(OC)c2)c1,1
CCC(Cc1cc2cc(-c3ccccc3C)ccc2nc1N)C(=O)NCC1CCCCC1,1
Cc1cccnc1-c1ccc2nc(N)c(CC(C)C(=O)NCCC(C)(C)C)cc2c1,1
CCCC(O)C1CCN(C(CCc2ccccc2)C(=O)NC(Cc2cc(F)cc(F)c2)C(O)C2CC(O)C[NH2+]2)C1=O,1
CC(C)CCn1cc(C2(c3cccc(-c4cccnc4F)c3)N=C(N)N(C)C2=O)cn1,1
CCOC(C)C(=O)NC(Cc1cccc(-c2nccs2)c1)C(O)C[NH2+]C1CC2(CCC2)Oc2ncc(CC(C)(C)C)cc21,1
CC(C)c1cccc(C[NH2+]CC(O)C2COCCCCCNC(=O)c3cc(cc(N(C)S(C)(=O)=O)c3)C(=O)N2)c1,1
CCCc1ccc2c(c1)C1(COC(N)=N1)c1cc(-c3cncnc3)ccc1O2,1
COc1cccc(C[NH2+]C[C@H](O)[C@H](Cc2cc(F)cc(F)c2)NC(=O)c2cc(C(C)=O)cc(N(c3ccccc3)S(C)(=O)=O)c2)c1,1
Cc1cc2cc(n1)OCCCCOc1cccc(c1)CC(C(O)C[NH2+]C1(c3cccc(C(C)C)c3)CC1)NC2=O,1
CCCOc1cccc2c1C[NH2+]C(C(O)C(Cc1cc(F)cc(F)c1)NC(=O)C(CCc1ccccc1)N1CCC(NC(C)=O)(C(C)CC)C1=O)C2,1
Cc1cc(Cl)cnc1C(=O)Nc1ccc(F)c(C2(C)N=C(N)OCC2(F)F)c1,1
CCNc1cc(C(=O)NC(Cc2ccccc2)C(O)C[NH2+]Cc2cccc(C(F)(F)F)c2)cc(N2CCCCS2(=O)=O)c1OC,1
CCNc1cc(C(=O)NC(Cc2ccccc2)C(O)C[NH2+]C2CCc3ccc(OC)cc32)cc(N2CCCCS2(=O)=O)c1,1
CC(=O)NC(Cc1cc(F)cc(F)c1)C(O)C[NH2+]C1(c2cccc(C(C)(C)C)c2)CCNC(=O)C1,1
COc1cccc(N(c2cccc(C(=O)NC(Cc3ccccc3)C(O)C[NH2+]C(C)C(=O)NC3CCCCC3)c2)S(C)(=O)=O)c1,1
CC(C)c1cccc(C[NH2+]CC(O)C2COCCCCCCNC(=O)c3cc(cc(N(C)S(C)(=O)=O)c3)C(=O)N2)c1,1
CN1C(=O)C2(CC(C)(C)Cc3ccc(-c4cccc(C#N)c4)cc32)N=C1N,1
COCC(Oc1cc(CC2CS(=O)CC([NH2+]Cc3cccc(C(C)C)c3)C2O)cc(F)c1N)C(F)(F)F,1
COc1ccc(CC(NC(C)=O)C(O)C[NH2+]C2CC3(CCC3)Oc3ncc(CC(C)(C)C)cc32)cc1OC,1
CCn1cnc2c(N3CCCC3=O)cc(C(=O)NC(Cc3ccccc3)C(O)C[NH2+]Cc3cccc(C(F)(F)F)c3)cc21,1
CCNc1cc(C(=O)NC(Cc2ccccc2)C(O)C[NH2+]Cc2cccc(C(F)(F)F)c2)cc2c1CCCS(=O)(=O)N2C,1
CC(=O)NC(Cc1cc(F)cc(F)c1)C(O)C[NH2+]C1(c2cccc(C(C)(C)C)c2)CCC(NO)CC1,1
CC(C)c1cccc(C[NH2+]CC(O)C2Cc3cccc(c3)OCCCCNc3cc(cc(N4C=COC4)c3)C(=O)N2)c1,1
CCCCC1CCN(C(CCc2ccccc2)C(=O)NC(Cc2cc(F)cc(F)c2)C(O)C2CC(OCCC)C[NH2+]2)C1=O,1
CN1C(=O)C2(CC(C)(C)Oc3ccc(-c4cncc(Cl)c4)cc32)N=C1N,1
CC1(c2cc(NC(=O)c3nn(C(F)F)cc3Cl)ccc2F)N=C(N)OCC1(F)F,1
COCC(Oc1cc(CC2CS(=O)CC([NH2+]Cc3cc(CC(C)(C)C)on3)C2O)cc(F)c1N)C(F)(F)F,1
CCCN(CCC)C(=O)c1cc(C)cc(C(=O)NC(Cc2cc(F)cc(F)c2)[C@@H](O)C[NH2+]Cc2cccc(OC)c2)c1,1
CCCN(CCC)C(=O)c1cc(C(=O)NC(Cc2cc(F)cc(F)c2)C(O)C[NH2+]Cc2cccc(OC)c2)cc(C(C)NC(C)=O)c1,1
CCn1cc2c3c(cc(C(=O)NC(Cc4ccccc4)[C@H](O)C[NH2+]CC(F)F)cc31)N(C)S(=O)(=O)CC2,1
CCc1cn2c3c(cc(C(=O)NC(Cc4ccccc4)C(O)C[NH2+]C4CC4)cc13)N(C)S(=O)(=O)CC2,1
CCc1cn2c3c(cc(C(=O)NC(Cc4ccccc4)C(O)C[NH2+]C4CC4)cc13)N(CC)S(=O)(=O)CC2,1
NC1=[NH+][C@](c2ccc(OC(F)(F)F)cc2)(c2cccc(-c3cccnc3F)c2)C2=NCCCN21,1
COc1ccc(C2(c3ccc(F)c(-c4cncnc4)c3)N=C(N)N(C)C2=O)cc1C,1
COc1ccc(C2(c3cccc(-c4cccnc4F)c3)N=C(N)N(C)C2=O)cc1C,1
CC(NC(=O)c1cc(-c2ccc(C(C)([NH3+])Cc3ccccc3)o2)cc(N(C)S(C)(=O)=O)c1)c1ccc(F)cc1,1
CC([NH2+]CC(O)C(Cc1ccccc1)NC(=O)c1cccc(N(c2ccc(C(F)(F)F)cc2)S(C)(=O)=O)c1)C(=O)NC1CCCCC1,1
CN1C(=O)[C@@](c2ccc(OC(F)F)cc2)(c2cccc(/C(F)=C\C3CC3)c2)N=C1N,1
COC/C=C/c1cccc([C@@]2(c3ccc(OC(F)F)cc3)N=C(N)N(C)C2=O)c1,1
COCC/C=C/c1cccc([C@@]2(c3ccc(OC(F)F)cc3)N=C(N)N(C)C2=O)c1,1
CC#Cc1cccc([C@@]2(c3ccc(OC(F)F)cc3)N=C(N)N(C)C2=O)c1,1
CC(C)C#Cc1cccc([C@@]2(c3ccc(OC(F)F)cc3)N=C(N)N(C)C2=O)c1,1
CN1C(=O)[C@@](c2ccc(OC(F)F)cc2)(c2cccc(C#CC3CC3)c2)N=C1N,1
COCC#Cc1cccc([C@@]2(c3ccc(OC(F)F)cc3)N=C(N)N(C)C2=O)c1,1
COCCC#Cc1cccc([C@@]2(c3ccc(OC(F)F)cc3)N=C(N)N(C)C2=O)c1,1
C[C@@H](O)C#Cc1cccc([C@@]2(c3ccc(OC(F)F)cc3)N=C(N)N(C)C2=O)c1,1
CN1C(=O)[C@@](c2ccc(OC(F)F)cc2)(c2cccc(OCC3CC3)c2)N=C1N,1
CN1C(=O)[C@@](c2ccc(OC(F)F)cc2)(c2ccc(F)c(C#CC3CC3)c2)N=C1N,1
Cc1cc([C@]2(c3ccc(F)c(C#CC4CC4)c3)N=C(N)N(C)C2=O)ccc1OC(F)F,1
Cc1cc([C@]2(c3ccc(F)c(C#CCF)c3)N=C(N)N(C)C2=O)ccc1OC(F)F,1
Cc1ccccc1-c1ccc2nc(N)c(CC(C)C(=O)NCc3ccccc3)cc2c1,1
COc1cccc(C[NH2+]CC(O)C(Cc2cc(F)cc(F)c2)NC(=O)C(CCc2ccccc2)N2CCC(CC(C)C)C2=O)c1,1
CN1C(=O)C(c2cccc(-c3cncnc3)c2)(c2cnn(CCC(C)(C)C)c2)N=C1N,1
CN1C(=O)C(c2cccc(-c3cncnc3)c2)(c2cnn(CCC3CCCCC3)c2)N=C1N,1
CC(C)Cn1cc(C2(c3cccc(-c4cccnc4F)c3)N=C(N)N(C)C2=O)cn1,1
CN1C(=O)C(c2cccc(-c3cccnc3F)c2)(c2cnn(CCC(C)(C)C)c2)N=C1N,1
CCC(CC)Cn1cc(C2(c3cccc(-c4cccnc4F)c3)N=C(N)N(C)C2=O)cn1,1
CN1C(=O)C(c2cccc(-c3cccnc3F)c2)(c2cnn(C3CCCC3)c2)N=C1N,1
CC(C)(C)Cc1cnc2c(c1)C([NH2+]CC(O)C(Cc1ccc3c(c1)OCO3)NC(=O)C1CCCO1)CC1(CCC1)O2,1
CS(=O)(=O)N(c1ccccc1)c1cncc(C(=O)NC(Cc2ccccc2)C(O)C[NH2+]Cc2cccc(C(F)(F)F)c2)c1,1
CCCOC1C[NH2+]C(C(O)C(Cc2cc(F)cc(F)c2)NC(=O)C(CCc2ccccc2)N2CCC(C(C)C)C2=O)C1,1
COCC(Oc1cc(CC2CS(=O)CC([NH2+]Cc3cnn(CC(C)(C)C)c3)C2O)cc(F)c1N)C(F)(F)F,1
CCCN(CCC)C(=O)c1cc(Oc2ccc(F)cc2)cc(C(=O)NC(Cc2cc(F)cc(F)c2)C(O)C[NH2+]Cc2cccc(OC)c2)c1,1
CCc1cn2c3c(cc(C(=O)N[C@@H](Cc4ccccc4)[C@H](O)C[NH2+]C(C)CC)cc13)N(C)S(=O)(=O)CC2,1
Cc1cc([C@]2(c3cccc(C#CC4CC4)c3)N=C(N)N(C)C2=O)ccc1OC(F)F,1
COc1ccc(C2(c3cccc(-c4cc(Cl)cc(Cl)c4)c3)N=C(N)N3CCCN=C32)cc1,1
CC(=O)NC(Cc1ccc2c(c1)OCCO2)C(O)C[NH2+]C1CC2(CCC2)Oc2ncc(CC(C)(C)C)cc21,1
CC[NH2+]C[C@@H](O)[C@H](Cc1ccccc1)NC(=O)c1cc2c3c(cn(CC)c3c1)CCS(=O)(=O)N2C,1
CCNc1cc(C(=O)NC(Cc2ccccc2)C(O)C[NH2+]Cc2cccc(C(F)(F)F)c2)cc(N2CCCCS2(=O)=O)c1C,1
CCn1ccc2c(N3CCCC3=O)cc(C(=O)NC(Cc3ccccc3)C(O)C[NH2+]Cc3cccc(C(F)(F)F)c3)cc21,1
CCc1cn2c3c(cc(C(=O)NC(Cc4ccccc4)C(O)C[NH2+]C(C)(C)CCCC(C)C)cc13)N(C)S(=O)(=O)C2,1
CCc1cn2c3c(cc(C(=O)NC(Cc4ccccc4)C(O)C[NH2+]C4CCOCC4)cc13)N(C(C)C)S(=O)(=O)CC2,1
CS(=O)(=O)N(c1ccccc1)c1cccc(C(=O)NC(Cc2ccccc2)C(O)C[NH2+]Cc2cccc(C(F)(F)F)c2)c1,1
CCCCN(C)C(=O)n1cc(C(=O)NC(Cc2ccccc2)C(O)C[NH2+]Cc2cccc(Br)c2)c2cccnc21,1
CCCOC1C[NH2+]C(C(O)C(Cc2cc(F)cc(F)c2)NC(=O)C(CCc2ccccc2)N2CCC(COC)C2=O)C1,1
CC1(c2cc(NC(=O)c3ccc(Cl)cn3)ccc2F)CCOCC(N)=N1,1
NC1=NC(c2ccc(OC(F)F)cc2)(c2cccc(-c3cncnc3)c2)C2=NCC(F)(F)CN12,1
CC(=O)NC(Cc1cc(F)cc(F)c1)C(O)C[NH2+]C1(c2cccc(C(C)(C)C)c2)CCC(O)CC1,1
CSC1CCC([NH2+]CC(O)C(Cc2cc(F)cc(F)c2)NC(C)=O)(c2cccc(C(C)(C)C)c2)CC1,1
O=C(C1C[NH2+]CC12CCCc1cc(Br)ccc12)N1CCC(c2ccccc2)CC1C1CCCCC1,1
CCOc1cc(CC2CS(=O)(=O)CC([NH2+]Cc3cccc(C(C)(C)C)c3)C2O)cc(F)c1N,1
CN1C(=O)C2(CC(C)(C)Cc3ccc(-c4cc(F)cc(Cl)c4)cc32)N=C1N,1
CCCO/N=C(/C)c1cc(C(=O)NC(Cc2cc(F)cc(F)c2)[C@@H](O)C[NH2+]Cc2cccc(OC)c2)cc(N2CCCCS2(=O)=O)c1,1
CC(C)c1cccc(C[NH2+]CC(O)C(Cc2ccccc2)NC(=O)C2CCCC(C(C)(C)N3CCCC3=O)C2)c1,1
CS(=O)(=O)N(c1cccnc1)c1cccc(C(=O)NC(Cc2ccccc2)C(O)C[NH2+]Cc2cccc(C(F)(F)F)c2)c1,1
CCCCC1CCN(C(CCc2ccccc2)C(=O)NC(Cc2cc(F)cc(F)c2)C(O)C2CC(O)C[NH2+]2)C1=O,1
CC(C)(C)c1cccc(C[NH2+]C2CS(=O)(=O)CC(Cc3cc(F)c(N)c(OC4COC4)c3)C2O)c1,1
CC1(c2cc(NC(=O)c3cnc(OCC(F)(F)F)cn3)ccc2F)N=C(N)OCC1(F)F,1
CCc1c[nH]c2c(N3CCCC3=O)cc(C(=O)NC(Cc3ccccc3)C(O)C[NH2+]Cc3cccc(C(F)(F)F)c3)cc12,1
CCN1CC[NH+]2CCS(=O)(=O)N(C)C3C=C(C(=O)NC(Cc4ccccc4)C(O)C[NH2+]Cc4cccc(C(F)(F)F)c4)C=C1C32,1
CCNc1cc(C(=O)NC(Cc2ccccc2)C(O)C[NH2+]CCC(F)(F)F)cc2c1CCCS(=O)(=O)N2C,1
Cc1c(C(=O)NC(Cc2ccccc2)C(O)C[NH2+]Cc2cccc(C(F)(F)F)c2)cccc1N(c1ccccc1)S(C)(=O)=O,1
CCOC[C@H]1CCCCN1C(=O)n1cc(C(=O)N[C@@H](Cc2cc(F)cc(F)c2)[C@H](O)C[NH2+]Cc2cccc(OC)c2)c2cccnc21,1
CC#Cc1cncc(-c2cccc(C3(c4cc(C)c(OC)c(C)c4)N=C(C)C(N)=N3)c2)c1,1
CC1(c2cc(NC(=O)c3ccc(Cl)cn3)ccc2F)N=C(N)OCC1(F)F,1
CC1(c2cc(NC(=O)c3ncc(Cl)cc3Cl)ccc2F)N=C(N)OCC1(F)F,1
CC(C)(C)Cc1cnc2c(c1)C([NH2+]CC(O)C(Cc1ccc3c(c1)OCO3)NC(=O)c1cccnc1)CC1(CCC1)O2,1
C=CCO/N=C(/C)c1cc(C(=O)N[C@@H](Cc2cc(F)cc(F)c2)[C@@H](O)C[NH2+]Cc2cccc(OC)c2)cc(N(c2ccccc2)S(C)(=O)=O)c1,1
Cc1cc2cc(n1)NCCCCOc1cccc(c1)CC(C(O)C[NH2+]Cc1cccc(C(C)C)c1)NC2=O,1
Cc1ccccc1-c1ccc2nc(N)c(CC(C(=O)NCC3CCCCC3)C(C)C)cc2c1,1
COc1cnc(C(=O)Nc2ccc(F)c(C3(C)N=C(N)OCC3(F)F)c2)cn1,1
NC1=NC2(c3cc(NC(=O)c4ccc(Cl)cn4)ccc3F)CC2COC1,1
CCn1ncc2c(N3CCCC3=O)cc(C(=O)NC(Cc3ccccc3)C(O)C[NH2+]Cc3cccc(C(F)(F)F)c3)cc21,1
CCc1cn2c3c(cc(C(=O)NC(Cc4ccccc4)C(O)CNc4ccc(OC)cc4)cc13)NS(=O)(=O)CCC2,1
COc1cccc(C[NH2+]CC(O)C(Cc2cc(F)cc(F)c2)NC(=O)c2cn(C(=O)N(C)CCC(C)C)c3ncccc23)c1,1
CC(C)(C)c1cccc(C[NH2+]C2CS(=O)(=O)CC(Cc3cc(F)c(N)c(-c4cc[nH]n4)c3)C2O)c1,1
CN1C(=O)C2(CC(C)(C)Oc3ccc(-c4cc(Cl)cc(Cl)c4)cc32)N=C1N,1
CN1C(=O)C2(CC(C)(C)Oc3ccc(-c4cccc(OC(F)F)c4)cc32)N=C1N,1
COc1ccc(F)c(-c2cccc(C3(c4ccncc4)N=C(N)N4CC(F)(F)CN=C43)c2)c1,1
CC(F)C(=O)NC(Cc1ccc2c(c1)OCO2)C(O)C[NH2+]C1CC2(CCC2)Oc2ncc(CC(C)(C)C)cc21,1
CCc1cn2c3c(cc(C(=O)NC(Cc4ccccc4)C(O)C[NH2+]C4CCOCC4)cc13)N(CC(F)(F)F)S(=O)(=O)CC2,1
O=C(C1C[NH2+]CC12CCCc1nc(Cl)ccc12)N1CCC(c2ccccc2)CC1C1CCCCC1,1
COCC(=O)NC(Cc1ccc(-c2nccs2)cc1)C(O)C[NH2+]C1CC2(CCC2)Oc2ncc(CC(C)(C)C)cc21,1
NC1=NC(c2ccc(OC(F)(F)F)cc2)(c2cccc(-c3cccnc3F)c2)C2=NOCCN12,1
COc1ccc(C2(c3cccc(-c4cncnc4)c3)N=C(N)N(C)C2=O)cc1C,1
CCc1cc([C@]2(c3cccc(-c4cncnc4)c3)N=C(N)N(C)C2=O)ccn1,1
COc1cccc(-c2cccc(C3(c4ccncc4)N=C(N)N(C)C3=O)c2)c1,1
CN1C(=O)C(c2ccncc2)(c2cccc(-c3cccnc3F)c2)N=C1N,1
COc1ccc([C@]2(c3cccc(-c4cccnc4F)c3)N=C(N)N(C)C2=O)cc1,1
CN1C(=O)[C@@](c2ccc(OCCF)cc2)(c2cccc(-c3cccnc3F)c2)N=C1N,1
CCCCc1cccc([C@@]2(c3ccc(OC(F)F)cc3)N=C(N)N(C)C2=O)c1,1
CN1C(=O)[C@@](c2ccc(OC(F)F)cc2)(c2cccc(/C=C/CC(F)F)c2)N=C1N,1
CCCC#Cc1cccc([C@@]2(c3ccc(OC(F)F)cc3)N=C(N)N(C)C2=O)c1,1
CN1C(=O)[C@@](c2ccc(OC(F)F)cc2)(c2cccc(OCC(F)F)c2)N=C1N,1
CN1C(=O)[C@@](c2ccc(OC(F)F)cc2)(c2ccc(F)c(OCCC=C(F)F)c2)N=C1N,1
CN1C(=O)[C@@](c2ccc(OC(F)F)cc2)(c2cccc(OCCC=C(F)F)c2)N=C1N,1
CCCC#Cc1cc([C@@]2(c3ccc(OC(F)F)c(C)c3)N=C(N)N(C)C2=O)ccc1F,1
COC[C@H]1CCCCN1C(=O)n1cc(C(=O)N[C@@H](Cc2cc(F)cc(F)c2)[C@H](O)C[NH2+]Cc2cccc(OC)c2)c2cccnc21,1
CCCCN(C)C(=O)n1cc(C(=O)NC(Cc2cc(F)cc(F)c2)C(O)C[NH2+]Cc2cccc(OC)c2)c2cc(Cl)ccc21,1
CC(C)Cn1cc(C2(c3cccc(-c4cncnc4)c3)N=C(N)N(C)C2=O)cn1,1
CC(C)CCn1cc(C2(c3cccc(-c4cncnc4)c3)N=C(N)N(C)C2=O)cn1,1
CCn1cc(C2(c3ccc(F)c(-c4cccnc4F)c3)N=C(N)N(C)C2=O)cn1,1
CN1C(=O)C(c2cccc(-c3cccnc3F)c2)(c2cnn(CC(F)(F)F)c2)N=C1N,1
CN1C(=O)C(c2ccsc2)(c2ccc(F)c(-c3cccnc3F)c2)N=C1N,1
CN1C(=O)C2(CC(C)(C)Cc3ccc(-c4cccnc4F)cc32)N=C1N,1
CN1C(=O)C2(CC(C)(C)Cc3ccc(-c4cncc(Cl)c4)cc32)N=C1N,1
NC1=NC(c2ccc(OC(F)F)cc2)(c2cccc(-c3cccnc3F)c2)C2=NCC(F)(F)CN12,1
CCCN(CCC)C(=O)c1cccc(C(=O)NC(Cc2cc(F)cc(F)c2)C(O)C[NH2+]Cc2cccc(OC)c2)c1,1
COc1cccc(C[NH2+]C[C@H](O)[C@H](Cc2cc(F)cc(F)c2)NC(=O)c2cc(/C(C)=N\OCc3ccccc3)cc(N3CCCCS3(=O)=O)c2)c1,1
Cc1ccccc1-c1ccc2nc(N)c(CC(C)C(=O)NCc3cncs3)cc2c1,1
CCC(C)C1(NC(C)=O)CCN(C(C)C(=O)NC(Cc2cc(F)cc(F)c2)C(O)C2CC(O)C[NH2+]2)C1=O,1
CC1(c2cc(NC(=O)c3ccc(Cl)cn3)ccc2F)COCC(N)=N1,1
CC1(c2cc(NC(=O)c3ccc(Cl)cn3)ccc2F)CCC2(CC2)C(N)=N1,1
CCn1cc2c3c(cc(C(=O)NC(Cc4ccccc4)[C@H](O)C[NH2+]CC(F)(F)C(F)(F)F)cc31)N(C)S(=O)(=O)CC2,1
CC(C)CCCC(C)[NH2+]CC(O)C(Cc1ccccc1)NC(=O)c1cccc(N(c2ccccc2)S(C)(=O)=O)c1,1
CCCCCN(C)C(=O)n1cc(C(=O)NC(Cc2cc(F)cc(F)c2)C(O)C[NH2+]Cc2cccc(OC)c2)c2cccnc21,1
COCC1CCN(C(CCc2ccccc2)C(=O)NC(Cc2cc(F)cc(F)c2)C(O)C[NH2+]Cc2cccc(OC)c2)C1=O,1
CCOC[C@H](Oc1cc(CC2CS(=O)(=O)CC([NH2+]Cc3cccc(C(C)(C)C)c3)C2O)cc(F)c1N)C(F)(F)F,1
C#Cc1ccc(C(=O)Nc2ccc(F)c(C3(C)N=C(N)OCC3(F)F)c2)nc1,1
C[NH+]1CC(N)=NC(C)(c2cccc(NC(=O)c3ccc(Cl)cn3)c2)C1,1
CC(=O)NC(Cc1cc(F)cc(F)c1)C(O)C[NH2+]C1(c2cccc(C(C)(C)C)c2)CCC(C(F)(F)F)CC1,1
CCCCN(C)C(=O)n1cc(C(=O)NC(Cc2cc(F)cc(F)c2)C(O)C[NH2+]Cc2cccc(OC)c2)c2cccnc21,1
COCC(=O)NC(Cc1cccc(-c2ccncc2)c1)C(O)C[NH2+]C1CC2(CCC2)Oc2ncc(CC(C)(C)C)cc21,1
COc1cc(CC2CS(=O)CC([NH2+]Cc3cccc(C(C)(C)C)c3)C2O)cc(F)c1N,1
CC(C)(C)Cc1cnc2c(c1)C([NH2+]CC(O)C(Cc1ccc3c(c1)OCO3)NC(=O)c1cccnc1F)CC1(CCC1)O2,1
CCn1nnc2c(N3CCCC3=O)cc(C(=O)NC(Cc3ccccc3)C(O)C[NH2+]Cc3cccc(C(F)(F)F)c3)cc21,1
NC1=[NH+]C(c2ccc(OC(F)(F)F)cc2)(c2cccc(-c3cncnc3)c2)C2=NCCCN21,1
Cc1ccccc1-c1ccc2nc(N)c(CCC(=O)NCC3CCCCC3)cc2c1,1
CCC(C)C1(NC(C)=O)CCN(C(CCc2ccccc2)C(=O)NC(Cc2cc(F)cc(F)c2)C(O)C2CC([NH3+])C[NH2+]2)C1=O,1
CCCOC1C[NH2+]C(C(O)C(Cc2cc(F)cc(F)c2)NC(=O)C(C)N2CCC(CC(C)C)C2=O)C1,1
NC1=NC(c2ccnc(C(F)F)c2)(c2ccc(F)c(-c3cncnc3)c2)c2cccc(F)c21,1
CC(=O)NC(Cc1ccc(OC(F)F)c(OC(F)F)c1)C(O)C[NH2+]C1CC2(CCC2)Oc2ncc(CC(C)(C)C)cc21,1
COc1ccc(C2(c3cccc(-c4cccnc4)c3)N=C(N)N(C)C2=O)cc1Cl,1
Cc1ccc2c(n1)CCCC21C[NH2+]CC1C(=O)N1CCC(c2ccccc2)CC1C1CCCCC1,1
CC(C)(C)c1cccc(C[NH2+]C2CS(=O)(=O)CC(Cc3ccc(N)c(OCC(F)(F)F)c3)C2O)c1,1
CC(C)(C)Cn1cc(C[NH2+]C2CS(=O)(=O)CC(Cc3cc(F)c(N)c(OC(C(F)(F)F)C(F)(F)F)c3)C2O)cn1,1
CN1C(=O)C2(CC(C)(C)Oc3ccc(-c4cc(Cl)ccc4F)cc32)N=C1N,1
CC1(c2cc(NC(=O)c3ccn(C(F)F)n3)ccc2F)N=C(N)OCC1(F)F,1
NC1=NC(c2ccnc(C(F)F)c2)(c2ccc(F)c(-c3cncnc3)c2)c2cc(F)cc(F)c21,1
COc1ccc(C2(c3ccc(F)c(-c4cccnc4)c3)N=C(N)N3CC(F)(F)CN=C32)cc1C,1
COc1cccc(C[NH2+]C[C@H](O)[C@H](Cc2cc(F)cc(F)c2)NC(=O)c2cc(/C(C)=N\O)cc(N3CCCCS3(=O)=O)c2)c1,1
CC(=O)NC(Cc1cc(F)cc(F)c1)C(O)C[NH2+]C1(c2cccc(C(C)(C)C)c2)CCC(CO)CC1,1
CCCCC1CCN(C(CCc2ccccc2)C(=O)NC(Cc2cc(F)cc(F)c2)C(O)C[NH2+]Cc2cccc(OC)c2)C1=O,1
CN1C(=O)C2(CC(C)(C)Oc3ccc(-c4cc(F)cc(Cl)c4)cc32)N=C1N,1
CC1(c2cc(NC(=O)c3ncc(Cl)cc3Cl)ccc2F)CCOC(N)=N1,1
CCn1cc2c3c(cc(C(=O)NC(Cc4ccccc4)[C@H](O)C[NH2+]CCF)cc31)N(C)S(=O)(=O)CC2,1
CCc1cn(C)c2c(N3CCCC3=O)cc(C(=O)NC(Cc3ccccc3)C(O)C[NH2+]Cc3cccc(C(F)(F)F)c3)cc12,1
CCNc1cc(C(=O)NC(Cc2ccccc2)C(O)C[NH2+]Cc2cncc(C#N)c2)cc(N2CCCCS2(=O)=O)c1,1
Cc1ccoc1C(=O)Nc1cccc(C2(C3CCCCC3)N=C(N)N(C)C2=O)c1,1
COc1ccc(C2(c3cccc(-c4cccnc4)c3)N=C(N)N(C)C2=O)cc1C(F)(F)F,1
CN1C(=O)C(c2ccncc2)(c2cccc(-c3cccc(C#N)c3)c2)N=C1N,1
CN1C(=O)C(c2ccncc2)(c2cccc(-c3cccc(F)c3F)c2)N=C1N,1
Nc1nc(Cn2c(-c3ccc(Oc4cncnc4)cc3)ccc2-c2ccccc2Cl)ccc1OCCO,1
CN1C(=O)[C@@](c2ccc(OC(F)F)cc2)(c2cccc(/C=C/CCF)c2)N=C1N,1
CN1C(=O)[C@@](c2ccc(OC(F)F)cc2)(c2cccc(/C=C/CCCO)c2)N=C1N,1
CCC#Cc1cccc([C@@]2(c3ccc(OC(F)F)cc3)N=C(N)N(C)C2=O)c1,1
CN1C(=O)[C@@](c2ccc(OC(F)F)cc2)(c2cccc(C#CCCCCF)c2)N=C1N,1
CCCC(O)C1CCN(C(C)C(=O)NC(Cc2cc(F)cc(F)c2)C(O)C2CC(O)C[NH2+]2)C1=O,1
CCn1cc(C2(c3ccc(F)c(-c4cncnc4)c3)N=C(N)N(C)C2=O)cn1,1
CC(C)n1cc(C2(c3ccc(F)c(-c4cccnc4F)c3)N=C(N)N(C)C2=O)cn1,1
CN1C(=O)C(c2ccsc2)(c2cccc(-c3cccnc3F)c2)N=C1N,1
COc1cncc(-c2cccc(C3(c4ccsc4)N=C(N)N(C)C3=O)c2)c1,1
CN1CC(C)(c2cc(NC(=O)c3ccc(Cl)cn3)ccc2F)N=C(N)C1=O,1
CC#Cc1cc([C@@]2(c3ccc(OC(F)F)cc3)N=C(N)N(C)C2=O)ccc1F,1
COc1c(C)cc(C2(c3cccc(-c4cncnc4)c3)N=C(N)c3c(F)cccc32)cc1C#N,1
Cc1cc2cc(n1)OCCCCOc1cccc(c1)CC(C(O)C[NH2+]Cc1cccc(C(C)C)c1)NC2=O,1
CC1(c2cc(NC(=O)c3ccc(OC(F)(F)C(F)F)cn3)ccc2F)N=C(N)OCC1(F)F,1
COc1cccc(C[NH2+]C[C@H](O)[C@H](Cc2cc(F)cc(F)c2)NC(=O)c2cc(C(C)O)cc(N3CCCCS3(=O)=O)c2)c1,1
COc1cccc(C[NH2+]C[C@H](O)[C@H](Cc2cc(F)cc(F)c2)NC(=O)c2cc(C(C)O)cc(N(C)S(C)(=O)=O)c2)c1,1
CC(C)(C)c1cccc(C[NH2+]C2CS(=O)(=O)CC(Cc3cc(F)c(N)c(OCCF)c3)C2O)c1,1
CC(C)Oc1cc(CC2CS(=O)(=O)CC([NH2+]Cc3cccc(C(C)(C)C)c3)C2O)cc(F)c1N,1
CC(=O)NC(Cc1ccc(C(F)(F)F)c(F)c1)C(O)C[NH2+]C1CC2(CCC2)Oc2ncc(CC(C)(C)C)cc21,1
CC(=O)NC(Cc1cc(F)cc(F)c1)C(O)C[NH2+]C1(c2cccc(-c3ccsc3)c2)CCCCC1,1
Nc1c(F)cc(CC2CS(=O)(=O)CC([NH2+]Cc3cccc(OC(F)(F)F)c3)C2O)cc1OC(C(F)(F)F)C(F)(F)F,1
CC(=O)Nc1c(Cl)cc(CNC(=[NH2+])NC(=O)Cn2ccc3ccc(C#N)cc32)cc1Cl,1
CCCCN(CCCC)C(=O)n1cc(C(=O)NC(Cc2cc(F)cc(F)c2)C(O)C[NH2+]Cc2cccc(OC)c2)c2ccccc21,1
CCCOc1cc(CC2CS(=O)(=O)CC([NH2+]Cc3cccc(C(C)(C)C)c3)C2O)ccc1N,1
CC1(c2cc(NC(=O)c3ncc(Cl)cc3Cl)ccc2F)COCC(N)=N1,1
CC(=O)NC(Cc1cc(F)cc(F)c1)C(O)C[NH2+]C1(c2cc(F)cc(C(C)(C)C)c2)CCCCC1,1
COc1cccc(C[NH2+]CC(O)C(Cc2cc(F)cc(F)c2)NC(=O)C(C)N2CCC(CC3CC3)(NC(C)=O)C2=O)c1,1
CC1(c2cc(NC(=O)c3ccc(Cl)cn3)ccc2F)COCCC(N)=N1,1
CC(=O)NC(Cc1cc(F)cc(F)c1)C(O)C[NH2+]C1(c2cccc(C(C)(C)C)c2)CCC(=O)NC1,1
CC(=O)NC(Cc1cc(F)cc(F)c1)C(O)C[NH2+]C1(c2cccc(C(C)C)c2)CCCCC1,1
C#Cc1ccc(CC(NC(=O)COC)C(O)C[NH2+]C2CC3(CCC3)Oc3ncc(CC(C)(C)C)cc32)cc1,1
CC[NH2+]CC(O)C(Cc1ccccc1)NC(=O)c1cc2c3c(c1)c(CC)cn3CCS(=O)(=O)N2C,1
C=C1CCC([NH2+]CC(O)C(Cc2cc(F)cc(F)c2)NC(C)=O)(c2cccc(C(C)(C)C)c2)CC1,1
CC(C)(C)Cc1cnc2c(c1)C([NH2+]CC(O)C(Cc1ccc3c(c1)OCO3)NC(=O)c1ccc(F)nc1)CC1(CCC1)O2,1
CC(=O)NC(Cc1cc(F)cc(F)c1)C(O)C[NH2+]C1(c2cccc(C(C)(C)C)c2)CCC(C)CC1,1
CCc1cn2c3c(cc(C(=O)NC(Cc4ccccc4)[C@H](O)C[NH2+]CCF)cc13)N(C)S(=O)(=O)CC2,1
COCc1cc2cc(c1)C(=O)NC(C(O)C[NH2+]C(C)(C)c1cccc(C(C)C)c1)Cc1cccc(c1)OCCCCN2,1
COCc1cc2cc(c1)C(=O)NC(C(O)C[NH2+]C1(c3cccc(C(C)(C)C)c3)CCCC1)Cc1cccc(c1)OCCCCN2,1
CCOc1cc(C2(c3cccc(-c4cccnc4)c3)N=C(N)N(C)C2=O)ccc1OC,1
CCCOc1cc(C2(c3cccc(-c4cccnc4)c3)N=C(N)N(C)C2=O)ccc1OC,1
CCCCOc1cc(C2(c3cccc(-c4cccnc4)c3)N=C(N)N(C)C2=O)ccc1OC,1
COc1ccc(C2(c3cccc(-c4cccnc4)c3)N=C(N)N(C)C2=O)cc1F,1
CN1C(=O)C(c2ccncc2)(c2cccc(-c3cccc(F)c3)c2)N=C1N,1
CN1C(=O)[C@@](c2ccc(OC(F)F)cc2)(c2cccc(CCCC#N)c2)N=C1N,1
COCCC/C=C/c1cccc([C@@]2(c3ccc(OC(F)F)cc3)N=C(N)N(C)C2=O)c1,1
CN1C(=O)[C@@](c2ccc(OC(F)F)cc2)(c2cccc(/C=C/CCO)c2)N=C1N,1
CC(C)SC(NC(=O)C(CC(O)C1COCc2cccc(c2)C(C)NC(=O)c2cc(cc(N(C)S(C)(=O)=O)c2)C(=O)N1)C(C)C)C(=O)NCc1ccccc1,1
Cc1ccccc1-c1ccc2nc(N)c(CC(C)C(=O)NCc3cnccn3)cc2c1,1
CN1C(=O)C(c2cccc(-c3cccnc3F)c2)(c2cnn(CCF)c2)N=C1N,1
COc1ccc(C(=O)Nc2ccc(F)c(C3(C)N=C(N)OCC3(F)F)c2)nc1,1
CO/N=C(/C)c1cc(C(=O)NC(Cc2cc(F)cc(F)c2)[C@@H](O)C[NH2+]Cc2cccc(OC)c2)cc(N2CCCCS2(=O)=O)c1,1
CCc1cc(CC2CS(=O)(=O)CC([NH2+]Cc3cccc(C(C)(C)C)c3)C2O)cc(F)c1NC(=O)C[NH+](C)C,1
CCCN(CCC)C(=O)c1cc(Oc2ccccc2OC)cc(C(=O)NC(Cc2cc(F)cc(F)c2)C(O)C[NH2+]Cc2cccc(OC)c2)c1,1
CCC(C)C1(NC(C)=O)CCN(C(CCc2ccccc2)C(=O)NC(Cc2cc(F)cc(F)c2)C(O)C2Cc3ccccc3C[NH2+]2)C1=O,1
CCCN(CCC)C(=O)c1cc(C(=O)NC(Cc2cc(F)cc(F)c2)C(O)C[NH2+]Cc2cccc(OC)c2)cc(/C(C)=N\OCC(C)C)c1,1
CC(C)(C)c1cccc(C[NH2+]C2CS(=O)(=O)CC(Cc3ccc(O)c(Br)c3)C2O)c1,1
CC(C)(C)c1cccc(C[NH2+]C2CS(=O)(=O)CC(Cc3cc(F)c(N)c(Br)c3)C2O)c1,1
CCCOc1cc(CC2CS(=O)(=O)CC([NH2+]Cc3cccc(C(C)(C)C)c3)C2O)cc(F)c1N,1
COCCC#Cc1cccc(C2(c3ccc(OC(F)F)cc3)N=C(N)N3CC(F)(F)CN=C32)c1,1
CC1(c2cc(NC(=O)c3ccc(OC(F)(F)F)cn3)ccc2F)N=C(N)OCC1(F)F,1
CC(=O)Nc1c(Cl)cc(CNC(=[NH2+])NC(=O)Cn2ccc3cc(C#N)ccc32)cc1Cl,1
NC1=NC(c2ccc(OC(F)F)cc2)(c2cccc(C#COCCCF)c2)C2=NCC(F)(F)CN12,1
CCCO/N=C(/C)c1cc(C(=O)NC(Cc2cc(F)cc(F)c2)[C@@H](O)C[NH2+]Cc2cccc(OC)c2)cc(N(C)S(C)(=O)=O)c1,1
CO/N=C(\C)c1cc(C(=O)NC(Cc2cc(F)cc(F)c2)[C@@H](O)C[NH2+]Cc2cccc(OC)c2)cc(N(C)S(C)(=O)=O)c1,1
CCc1cn2c3c(cc(C(=O)NC(Cc4ccccc4)C(O)C[NH2+]C4CCCCC4)cc13)N(C)S(=O)(=O)C2,1
NC1=[NH+]C(c2ccc(OC(F)(F)F)cc2)(c2cccc(-c3cccnc3F)c2)C2=NCCCN21,1
COCc1cc2cc(c1)C(=O)NC(C(O)C[NH2+]Cc1cccc(C(C)C)c1)Cc1cccc(c1)OCCCCN2,1
COc1ccc(C2(c3cccc(-c4cccnc4)c3)N=C(N)N(C)C2=O)cc1OC(C)C,1
CN1C(=O)C(c2ccc(OC(F)(F)F)cc2)(c2cccc(-c3cccnc3F)c2)N=C1N,1
CN1C(=O)C(c2ccncc2)(c2cccc(-c3cc(F)cc(F)c3)c2)N=C1N,1
CN1C(=O)[C@@](c2ccc(OC(F)(F)F)cc2)(c2cccc(-c3cccnc3F)c2)N=C1N,1
CN1C(=O)[C@@](c2ccc(OC(F)F)cc2)(c2cccc(CCCC(F)(F)F)c2)N=C1N,1
CNC(=O)Oc1ccc(CC2CS(=O)(=O)CC([NH2+]Cc3cccc(C(C)C)c3)C2O)cc1Br,1
CCCCC1CCN(C(C)C(=O)NC(Cc2cc(F)cc(F)c2)C(O)C[NH2+]Cc2cccc(OC)c2)C1=O,1
COc1ccc(F)c(-c2ccc3c(c2)C2(CC(C)(C)O3)N=C(N)N(C)C2=O)c1,1
Cc1cc(C2(c3cccc(-c4cncnc4)c3)N=C(N)c3c(F)cccc32)cn(C)c1=O,1
CC(=O)NC(Cc1cc(F)cc(F)c1)C(O)C[NH2+]C1(c2cccc(C(C)(C)C)c2)CCOCC1,1
C[NH+](C)CC(=O)Nc1ccc(CC2CS(=O)(=O)CC([NH2+]Cc3cccc(C(C)(C)C)c3)C2O)cc1F,1
CC#Cc1cncc(-c2cc(C3(C4CC4)N=C(C)C(N)=N3)ccc2O)c1,1
COc1cc(F)cc(-c2ccc3c(c2)C2(CC(C)(C)O3)N=C(N)N(C)C2=O)c1,1
CC1(c2cc(NC(=O)c3ccc(Cl)cn3)ccc2F)Cc2ccccc2C(N)=N1,1
CCNc1cc(C(=O)NC(Cc2ccccc2)C(O)C[NH2+]Cc2cccc(C(F)(F)F)c2)cc(N2CCCC2=O)c1C,1
CN1C(=O)C2(CC(C)(C)Oc3ccc(-c4cncc(C(F)(F)F)c4)cc32)N=C1N,1
COCC(=O)NC(Cc1cccc(-c2nccn2C)c1)C(O)C[NH2+]C1CC2(CCC2)Oc2ncc(CC(C)(C)C)cc21,1
CCCCN(C)C(=O)n1cc(C(=O)NC(Cc2cc(F)cc(F)c2)C(O)C[NH2+]Cc2cccc(OC)c2)c2ccc(F)cc21,1
CC1(c2cc(NC(=O)c3ccc(F)cn3)ccc2F)N=C(N)OCC1(F)F,1
CCCN(CCC)C(=O)c1cc(C(=O)NC(Cc2cc(F)cc(F)c2)C(O)C[NH2+]Cc2cccc(OC)c2)cc(/C(C)=N\OCc2ccccc2)c1,1
COCc1cc2cc(c1)C(=O)NC(C(O)C[NH2+]C1(c3cccc(C(C)(C)C)c3)CCC1)Cc1cccc(c1)OCCCCN2,1
CC1(c2cc(NC(=O)c3ncc(Cl)cn3)ccc2F)N=C(N)OCC1(F)F,1
CCCC(O)C1CCN(C(C)C(=O)NC(Cc2cc(F)cc(F)c2)C(O)C[NH2+]Cc2cccc(OC)c2)C1=O,1
CC(C)(C)c1ccnc(C[NH2+]C2CS(=O)(=O)CC(Cc3cc(F)c(N)c(OC(C(F)(F)F)C(F)(F)F)c3)C2O)c1,1
COc1cccc(-c2ccc3c(c2)C2(CC(C)(C)O3)N=C(N)N(C)C2=O)c1,1
COc1ccc(C2(c3cccc(-c4cccnc4F)c3)[NH+]=C(N)N3CCCN=C32)cc1,1
COc1ccc(C2(C34CC5CC(CC(C5)C3)C4)N=C(N)N(C)C2=O)cc1,1
COc1ccc(C2(c3cccc(-c4cccnc4)c3)N=C(N)N(C)C2=O)cc1OC1CCCC1,1
CC(C)c1cc(C2(c3cccc(-c4cncnc4)c3)N=C(N)N(C)C2=O)ccn1,1
CN1C(=O)C(c2ccncc2)(c2cccc(-c3cnccn3)c2)N=C1N,1
Nc1nc(Cn2c(-c3ccc(Oc4cncnc4)cc3)ccc2-c2ccccc2Cl)ccc1NCCO,1
CN1C(=O)[C@@](c2ccc(OC(F)F)cc2)(c2ccc(F)c(OCC(F)F)c2)N=C1N,1
Cc1cc([C@]2(c3ccc(F)c(OCC(F)F)c3)N=C(N)N(C)C2=O)ccc1OC(F)F,1
CCCCN(C)C(=O)n1cc(C(=O)NC(Cc2cc(F)cc(F)c2)C(O)C[NH2+]Cc2cccc(OC)c2)c2cc(C(=O)[O-])ccc21,1
CCCOC1C[NH2+]C(C(O)C(Cc2cc(F)cc(F)c2)NC(=O)C(C)N2CCC(C(O)CCC)C2=O)C1,1
CN1C(=O)C(c2cccc(-c3cncnc3)c2)(c2cnn(C3CCCC3)c2)N=C1N,1
CN1C(=O)C(c2ccsc2)(c2cccc(-c3cncnc3)c2)N=C1N,1
O=C(C1C[NH2+]CC12CCCc1cc(Br)ccc12)N1CCC(c2ccccc2)CC1c1ccccc1,1
CCOc1cccc(-c2ccc3c(c2)C2(CC(C)(C)O3)N=C(N)N(C)C2=O)c1,1
COCC(=O)NC(Cc1cccc(-c2nccs2)c1F)C(O)C[NH2+]C1CC2(CCC2)Oc2ncc(CC(C)(C)C)cc21,1
C#CC[NH2+]C[C@@H](O)C(Cc1ccccc1)NC(=O)c1cc2c3c(c1)c(CC)cn3CCS(=O)(=O)N2C,1
CC(=O)NC(Cc1cc(F)cc(F)c1)C(O)C[NH2+]C1(c2cccc(C(C)(C)C)c2)CCC(Nc2ccccn2)CC1,1
COCCN(C)C(=O)n1cc(C(=O)NC(Cc2cc(F)cc(F)c2)C(O)C[NH2+]Cc2cccc(OC)c2)c2cccnc21,1
COc1cccc(C[NH2+]CC(O)C(Cc2cc(F)cc(F)c2)NC(=O)c2cccc(N3CCCCS3(=O)=O)c2)c1,1
CN1C(=O)C2(CC(C)(C)Oc3ccc(-c4cccc(C(F)(F)F)c4)cc32)N=C1N,1
COc1cccc(C[NH2+]C[C@H](O)[C@H](Cc2cc(F)cc(F)c2)NC(=O)c2cccc(N(C)S(C)(=O)=O)c2)c1,1
CC(C)(C)c1cccc(C[NH2+]C2CS(=O)(=O)CC(Cc3cc(F)c(N)c(OCCC(F)(F)F)c3)C2O)c1,1
COc1cccc(C[NH2+]CC(O)C(Cc2cc(F)cc(F)c2)NC(=O)C(CCc2ccccc2)N2CCC(C(C)C)C2=O)c1,1
COc1cccc(C[NH2+]C[C@H](O)[C@H](Cc2cc(F)cc(F)c2)NC(=O)c2cc(/C(C)=N\O)cc(N(C)S(C)(=O)=O)c2)c1,1
CC(C)(C)Cc1cnc2c(c1)C([NH2+]CC(O)C(Cc1ccc3c(c1)OCO3)NC(=O)c1ccccc1F)CC1(CCC1)O2,1
COc1cc(C(C)(C)C)cc(C2([NH2+]CC(O)C(Cc3cc(F)cc(F)c3)NC(C)=O)CCCCC2)c1,1
COC(Cc1cc(CC2CS(=O)(=O)CC([NH2+]Cc3cccc(C(C)(C)C)c3)C2O)cc(F)c1N)C(F)(F)F,1
COc1c(C)cc(C2(c3cccc(-c4cncnc4)c3)N=C(N)c3c(F)cccc32)nc1C,1
CCn1cc2c3c(cc(C(=O)NC(Cc4ccccc4)[C@H](O)C[NH2+]CC(F)(F)F)cc31)N(C)S(=O)(=O)CC2,1
CC(C)(C)c1cccc(C[NH2+]C2CS(=O)(=O)CC(Cc3cc(F)c(N)c(-c4ccco4)c3)C2O)c1,1
CC(=O)Nc1c(Cl)cc(CNC(=[NH2+])NC(=O)Cn2ccc3ccc(Br)cc32)cc1Cl,1
CCOc1ccc(C2(c3cccc(-c4cccnc4F)c3)[NH+]=C(N)N3CCCN=C32)cc1OCC,1
NC1=[NH+]C(c2ccc(OC(F)(F)F)cc2)(c2cccc(-c3cccnc3F)c2)C2=NCCN21,1
NC1=[NH+]C(c2ccc(OC(F)(F)F)cc2)(c2cccc(-c3cccnc3F)c2)C2=NCCCCN21,1
Cc1cc([C@]2(c3cccc(-c4cncnc4)c3)N=C(N)N(C)C2=O)ccn1,1
CN1C(=O)[C@@](c2ccc(OC(F)F)cc2)(c2cccc(C(=O)CCCF)c2)N=C1N,1
CN1C(=O)[C@@](c2ccc(OC(F)F)cc2)(c2cccc([C@H](F)CCCF)c2)N=C1N,1
Cc1cc([C@]2(c3ccccc3)N=C(N)N(C)C2=O)ccc1OC(F)F,1
CC(C)n1cc(C2(c3ccc(F)c(-c4cncnc4)c3)N=C(N)N(C)C2=O)cn1,1
CCc1cc(C2(c3cccc(-c4cncnc4)c3)N=C(N)N(C)C2=O)cs1,1
CN1C(=O)C(c2cccc(-c3cncnc3)c2)(c2csc(Cl)c2)N=C1N,1
COCC(Oc1cc(CC2CS(=O)CC([NH2+]Cc3cccc(OC(C)C)c3)C2O)cc(F)c1N)C(F)(F)F,1
CCCCN(C)C(=O)n1cc(C(=O)NC(Cc2cc(F)cc(F)c2)C(O)C[NH2+]C2(c3cccc(CC)c3)CC2)c2cccnc21,1
Cc1cc2cc(n1)OCCCCOc1cccc(c1)CC(C(O)C[NH2+]C(C)c1cccc(C(C)C)c1)NC2=O,1
CC(=O)NC(Cc1cc(F)cc(F)c1)C(O)C[NH2+]C1(c2cccc(C(C)(C)C)c2)CCC(Nc2nccs2)CC1,1
CCc1cn2c3c(cc(C(=O)NC(Cc4ccccc4)[C@H](O)C[NH2+]CC4CCOCC4)cc13)OS(=O)(=O)CC2,1
NC1=NC(c2cccc(-c3cncnc3)c2)(c2ccnc(C3CC3)c2)c2cccc(F)c21,1
CCc1coc2c(N3CCCC3=O)cc(C(=O)NC(Cc3ccccc3)C(O)C[NH2+]Cc3cccc(C(F)(F)F)c3)cc12,1
CCCCC1CCN(C(C)C(=O)NC(Cc2cc(F)cc(F)c2)C(O)C2CC(OCCC)C[NH2+]2)C1=O,1
Cc1ccc(C(=O)Nc2ccc(F)c(C3(C)N=C(N)OCC3(F)F)c2)nc1,1
CC(=O)NC(Cc1cc(F)cc(F)c1)C(O)C[NH2+]C1(c2cccc(C3CCOC3)c2)CCCCC1,1
Cc1ccccc1-c1ccc2nc(N)c(CC(C)C(=O)NCc3cccnc3)cc2c1,1
COc1cccc(C[NH2+]CC(O)C(Cc2cc(F)cc(F)c2)NC(=O)C(C)N2CCC(CC(C)C)C2=O)c1,1
COc1cccc(-c2cccc(C3(c4ccncc4)N=C(N)N4CCCN=C43)c2)c1F,1
COc1cccc(C[NH2+]C[C@H](O)[C@H](Cc2cc(F)cc(F)c2)NC(=O)c2cc(C(C)=O)cc(N3CCCCS3(=O)=O)c2)c1,1
COc1ccc(C2(c3cccc(-c4cccnc4)c3)N=C(N)N(C)C2=O)cc1OC,1
CN1C(=O)C(c2cccc(-c3cccnc3)c2)(c2ccc3c(c2)OCCO3)N=C1N,1
CCCc1cccc([C@@]2(c3ccc(OC(F)F)cc3)N=C(N)N(C)C2=O)c1,1
CCCCCc1cccc([C@@]2(c3ccc(OC(F)F)cc3)N=C(N)N(C)C2=O)c1,1
CN1C(=O)[C@@](c2ccc(OC(F)F)cc2)(c2cccc(/C=C/C3CC3)c2)N=C1N,1
CN1C(=O)C(c2ccsc2)(c2ccc(F)c(-c3cccnc3)c2)N=C1N,1
CN1C(=O)C(c2ccsc2)(c2cccc(-c3cnccn3)c2)N=C1N,1
CCNc1cc(C(=O)NC(Cc2ccccc2)C(O)C[NH2+]C2CCOCC2)cc(N2CCCCS2(=O)=O)c1,1
CCc1cn2c3c(cc(C(=O)NC(Cc4ccccc4)C(O)C[NH2+]C)cc13)N(C)S(=O)(=O)C2,1
CCc1cnc2c(c1)C([NH2+]CC(O)C(Cc1ccccc1)NC(C)=O)CC1(CCC1)O2,1
COc1ccc(C2(c3cccc(-c4cccnc4)c3)N=C(N)N3CCCN=C32)cc1,1
CC(=O)NC(Cc1cc(F)cc(F)c1)C(O)C[NH2+]C1(c2cccc(C(C)(C)C)c2)CCc2nc(C)ncc2C1,1
CC(=O)NC(Cc1cc(F)cc(F)c1)C(O)C[NH2+]C1(c2cc(NS(C)(=O)=O)cc(C(C)(C)C)c2)CCCCC1,1
CC(C)(C)c1cccc(C[NH2+]C2CS(=O)(=O)CC(Cc3cc(F)c(N)c(C4CC4)c3)C2O)c1,1
CCCCC1CCN(C(C)C(=O)NC(Cc2cc(F)cc(F)c2)C(O)C2CC(O)C[NH2+]2)C1=O,1
CC1(c2cc(NC(=O)c3ccc(Cl)cn3)ccc2F)CC2CC2C(N)=N1,1
COc1cccnc1-c1ccc2nc(N)c(CC(C)C(=O)NCCC(C)(C)C)cc2c1,1
COc1ccc(C2(c3cccc(-c4cncnc4)c3)N=C(C)C(N)=N2)cc1C,1
CN1C(=O)C2(CC(C)(C)Oc3ccc(-c4cccc(F)c4)cc32)N=C1N,1
COc1ccc([C@]2(c3cccc(-c4cncnc4)c3)[NH+]=C(N)N3CCCN=C32)cc1,1
CONC1CCC([NH2+]CC(O)C(Cc2cc(F)cc(F)c2)NC(C)=O)(c2cccc(C(C)(C)C)c2)CC1,1
CN1C(=O)C(c2cccc(NC(=O)c3ccco3)c2)(C2CCCCC2)N=C1N,1
Cc1cc([C@]2(c3cccc(-c4cccnc4)c3)N=C(N)N(C)C2=O)ccn1,1
C=C(C)c1cccc(C2([NH2+]CC(O)C(Cc3cc(F)cc(F)c3)NC(C)=O)CCCCC2)c1,1
CN1C(=O)[C@@](c2ccc(OC(F)F)cc2)(c2ccc(F)c(OCCCCF)c2)N=C1N,1
CN1C(=O)C(c2cccc(-c3cncnc3)c2)(c2cnn(C)c2)N=C1N,1
COc1ccc(C2(c3cccc(-c4cncnc4)c3)N=C(N)N3CC(F)(F)CN=C32)cc1,1
COCCOc1cc(CC2CS(=O)(=O)CC([NH2+]Cc3cccc(C(C)(C)C)c3)C2O)cc(F)c1N,1
CC(=O)NC(Cc1cc(F)cc(F)c1)C(O)C[NH2+]C1(c2cc(C(C)(C)C)cs2)CCCCC1,0
CC(=O)Nc1c(Cl)cc(CNC(=[NH2+])NC(=O)Cn2ccc3cc(Br)ccc32)cc1Cl,0
COc1ccc2c(c1)C1(COC(N)=N1)c1cc(-c3cncnc3)ccc1O2,0
NC1=NC(c2ccncc2)(c2cccc(-c3cncnc3)c2)C2=NCC(F)(F)CN12,0
CC1(c2cc(NC(=O)c3ccc(OCC(F)(F)F)cn3)ccc2F)N=C(N)OCC1(F)F,0
CCNc1cc(C(=O)NC(Cc2ccccc2)C(O)C[NH2+]Cc2cccc(C(F)(F)F)c2)cc(N2CCCC2=O)c1OC,0
CCCCCOc1ccc(-c2ccc(-c3ccccc3Cl)n2Cc2ccc(OCCO)c(N)n2)cc1,0
CC(=O)NC(Cc1cc(F)cc(F)c1)C(O)C[NH2+]C1(c2cccc(-c3cscn3)c2)CCCCC1,0
CC(=O)N[C@@H](Cc1cc(F)cc(F)c1)[C@H](O)C[NH2+]C1(c2cccc(-n3cccn3)c2)CCOCC1,0
CC[C@@H](C)Cc1cccc([C@@]2(c3ccc(OC(F)F)cc3)N=C(N)N(C)C2=O)c1,0
C=CCO/N=C(/C)c1cc(C(=O)N[C@@H](Cc2cc(F)cc(F)c2)[C@@H](O)C[NH2+]Cc2cccc(OC)c2)cc(N2CCCCS2(=O)=O)c1,0
CN1C(=O)C2(CC(C)(C)Oc3ccc(-c4cccnc4)cc32)N=C1N,0
CCNc1cc(C(=O)NC(Cc2ccccc2)C(O)C[NH2+]C2CC2)cc(N2CCCCS2(=O)=O)c1,0
CC(=O)NC(Cc1cc(F)cc(F)c1)C(O)C[NH2+]C1(c2cccc(C(C)(C)C)c2)CCC(=O)CC1,0
COc1ccc(C2(c3cccc(-c4cccnc4)c3)N=C(N)N(C)C2=O)cc1C1CCCC1,0
CN1C(=O)C(c2cccc(-c3cccnc3)c2)(c2ccc3c(c2)CCO3)N=C1N,0
CCCCNC(=O)C(C)CC(O)C(CC(C)C)NC(=O)C(C)NC(=O)C(CC(C)C)NC(C)=O,0
CC(=O)NC(Cc1cc(F)cc(F)c1)C(O)C[NH2+]C1(c2cccc(-c3ccoc3)c2)CCCCC1,0
CN1C(=O)[C@@](c2ccc(OC(F)F)cc2)(c2ccc(F)c(OCCF)c2)N=C1N,0
CCCCN(C)C(=O)n1cc(C(=O)NC(Cc2cc(F)cc(F)c2)C(O)C[NH2+]Cc2cccc(OC)c2)c2ccc(C#N)cc21,0
CN1C(=O)C(c2ccc(F)c(-c3cncnc3)c2)(c2cnn(CC(F)(F)F)c2)N=C1N,0
CC(C)(C)c1cccc(C[NH2+]C2CS(=O)(=O)CC(Cc3ccc4[nH]cc(CC(F)(F)F)c4c3)C2O)c1,0
CC(C)(C)c1cccc(C[NH2+]C2CS(=O)(=O)CC(Cc3cc(O)c(N)c(F)c3)C2O)c1,0
CC1(c2cc(NC(=O)c3ccc(Cl)cn3)ccc2F)N=C(N)c2ccccc2O1,0
CCCN(CCC)C(=O)c1cc(C(=O)NC(Cc2cc(F)cc(F)c2)C(O)C[NH2+]Cc2cccc(OC)c2)cc(C(C)[NH3+])c1,0
COc1cccc(C[NH2+]C[C@H](O)[C@H](Cc2cc(F)cc(F)c2)NC(=O)c2cc(C(C)=O)cc(N(C)S(C)(=O)=O)c2)c1,0
NC1=NC(c2ccncc2)(c2cccc(-c3cncnc3)c2)c2cccc(F)c21,0
COc1ccccc1N(c1cccc(C(=O)NC(Cc2ccccc2)C(O)C[NH2+]C(C)C(=O)NC2CCCCC2)c1)S(C)(=O)=O,0
CC#Cc1ccnc(-c2cc(C3(C4CC4)N=C(C)C(N)=N3)ccc2O)c1,0
CN1C(=O)C2(CC(C)(C)Oc3ccc(-c4cccnc4F)cc32)N=C1N,0
NC1=[NH+][C@](c2ccc(OC(F)(F)F)cc2)(c2cccc(-c3cccnc3F)c2)C2=NCCCCCN21,0
COc1ccc(C2(c3ccc(C)c(-c4cccnc4)c3)N=C(N)N(C)C2=O)cc1C,0
CN1C(=O)C(c2ccncc2)(c2cccc(-c3ccccc3)c2)N=C1N,0
CCC(C)(C)c1cccc(C2([NH2+]CC(O)C(Cc3cc(F)cc(F)c3)NC(C)=O)CCCCC2)c1,0
CC(C)(C)c1cccc(C[NH2+]C2CS(=O)(=O)CC(Cc3ccc(N)c(OC(F)(F)F)c3)C2O)c1,0
CCCc1cc(CC2CS(=O)(=O)CC([NH2+]Cc3cccc(C(C)(C)C)c3)C2O)cc(F)c1N,0
CC(C)(C)c1cccc(C[NH2+]C2CS(=O)(=O)CC(Cc3cc(F)c(N)c(CCC(F)(F)F)c3)C2O)c1,0
COc1ccc2c(c1)C1(COC(N)=N1)c1cc(-c3cccc(Cl)c3)ccc1O2,0
CC(=O)NC(Cc1cc(F)cc(F)c1)C(O)C[NH2+]C1(c2cc(CC(C)(C)C)cs2)CCCCC1,0
NC1=NC(c2cccc(-c3cncnc3)c2)(c2ccnc(C(F)(F)F)c2)c2ccccc21,0
COc1ccc(C2(c3cccc(-c4cncnc4)c3)N=C(N)c3c(F)cccc32)cc1,0
NC1=NC(c2ccncc2)(c2cccc(-c3cncc(F)c3)c2)c2cccc(F)c21,0
CC1(c2cc(NC(=O)c3ccc(Cl)cn3)ccc2F)CCOC(N)=N1,0
CC(=O)NC(Cc1cc(F)cc(F)c1)C(O)C[NH2+]C1(c2cc(CC(C)(C)C)no2)CCCCC1,0
COC1CCC([NH2+]CC(O)C(Cc2cc(F)cc(F)c2)NC(C)=O)(c2cccc(C(C)(C)C)c2)CC1,0
COc1ccc(COCC(CC(O)C(COc2cc(F)cc(F)c2)NC(=O)c2cc(C(=O)NC(C)c3ccccc3)cc(N(C)S(C)(=O)=O)c2)OC)cc1,0
Cc1cc([C@]2(c3cccc(-c4cncnc4)c3)N=C(N)N(C)C2=O)cc(C)n1,0
CC(=O)NC(Cc1cc(F)cc(F)c1)C(O)C[NH2+]C1(c2cccc(C(C)(C)C)c2)CC1,0
Cc1cc(C2(c3cccc(-c4cncnc4)c3)N=C(N)N(C)C2=O)cs1,0
CCC(C)C1(NC(C)=O)CCN(C(CCc2ccccc2)C(=O)NC(Cc2cc(F)cc(F)c2)[C@H](O)[C@@H]2Cc3cccc(OC)c3C[NH2+]2)C1=O,0
CC(C)(C)c1cccc(C[NH2+]C2CS(=O)(=O)CC(Cc3ccc(N)c(Br)c3)C2O)c1,0
CC(C)C(=O)NC(Cc1ccc2c(c1)OCO2)C(O)C[NH2+]C1CC2(CCC2)Oc2ncc(CC(C)(C)C)cc21,0
CN1C(=O)C2(CC(C)(C)Oc3ccc(-c4cncc(F)c4)cc32)N=C1N,0
CCNc1cc(C(=O)NC(Cc2ccccc2)C(O)C[NH2+]C2CC2)cc2c1CCCS(=O)(=O)N2C,0
COc1ccc(C2(c3cccc(-c4cccnc4)c3)N=C(N)N(C)C2=O)cc1C#N,0
CCc1cc([C@]2(c3cccc(-c4cncnc4)c3)N=C(N)N(C)C2=O)cc(C)n1,0
CCC(=O)N(C)C(C)(C)C1CCCC(C(=O)NC(Cc2ccccc2)C(O)C[NH2+]Cc2cccc(C(C)C)c2)C1,0
CCCCc1cc(CC2CS(=O)(=O)CC([NH2+]Cc3cccc(C(C)C)c3)C2O)ccc1O,0
CC(C)(C)c1cccc(C[NH2+]C2CS(=O)(=O)CC(Cc3cc(F)c(N)c(-c4ccoc4)c3)C2O)c1,0
C=CCO/N=C(/C)c1cc(C(=O)N[C@@H](Cc2cc(F)cc(F)c2)[C@@H](O)C[NH2+]Cc2cccc(OC)c2)cc(N(C)S(C)(=O)=O)c1,0
CN1C(=O)C2(CC(C)(C)Oc3ccc(-c4cncnc4)cc32)N=C1N,0
Cn1cc(Cl)c(C(=O)Nc2ccc(F)c(C3(C)N=C(N)OCC3(F)F)c2)n1,0
NC1=[NH+]C(c2cccc(-c3cccnc3F)c2)(c2ccc3c(c2)OCO3)C2=NCCCN21,0
CC(=O)NC(Cc1cc(F)cc(F)c1)C(O)C[NH2+]C1(c2cc(C(C)=O)cc(C(C)(C)C)c2)CCCCC1,0
CCCCN(C)C(=O)n1cc(C(=O)NC(Cc2cc(F)cc(F)c2)C(O)C[NH2+]Cc2cccc(OC)c2)c2cc(C(F)(F)F)ccc21,0
CCCOC1C[NH2+]C(C(O)C(Cc2cc(F)cc(F)c2)NC(=O)C(C)N2CCC(C(C)C)C2=O)C1,0
CC(=O)NC(Cc1cc(F)cc(F)c1)C(O)C[NH2+]C1(c2cccc(C(C)(C)C#N)c2)CCCCC1,0
CCCCCOc1ccc(-c2ccc(-c3ccccc3Cl)n2Cc2ccc(NCCO)c(N)n2)cc1,0
CC(=O)NC(Cc1cc(F)cc(F)c1)C(O)C[NH2+]C1(c2cc(O)cc(C(C)(C)C)c2)CCCCC1,0
CN1C(=O)[C@](c2ccccc2)(c2ccc(OC(F)F)cc2)N=C1N,0
COc1cccc(C[NH2+]CC(O)C(Cc2cc(F)cc(F)c2)NC(=O)C(C)N2CCC(C(C)C)C2=O)c1,0
COc1cccc(-c2cccc(C3(c4ccncc4)N=C(C)C(N)=N3)c2)c1,0
CC1(C)Cc2cc(Cl)ccc2C(NC(Cc2ccccc2)c2nc3ccncc3c(=O)[nH]2)=N1,0
COc1cccc(C[NH2+]C[C@H](O)[C@H](Cc2cc(F)cc(F)c2)NC(=O)c2cc(/C(C)=N\OCC(C)C)cc(N(C)S(C)(=O)=O)c2)c1,0
CC(=O)NC(Cc1cc(F)cc(F)c1)C(O)C[NH2+]C1(c2cc(Br)cc(C(C)(C)C)c2)CCCCC1,0
COCc1cc2cc(c1)C(=O)NC(C(O)C[NH2+]C(CF)c1cccc(C(C)(C)C)c1)Cc1cccc(c1)OCCCCN2,0
CC([NH2+]CC(O)C(Cc1ccccc1)NC(=O)c1cccc(N(Cc2ccccc2)S(C)(=O)=O)c1)C(=O)NC1CCCCC1,0
CC(=O)NC(Cc1cc(F)cc(F)c1)C(O)C[NH2+]C1(c2cccc(C3CCCO3)c2)CCCCC1,0
CC(=O)NC(Cc1cc(F)cc(F)c1)C(O)C[NH2+]C1(c2cc(C)cc(C(C)(C)C)c2)CCCCC1,0
CCc1cc(C2(c3cccc(-c4cncnc4)c3)N=C(N)N(C)C2=O)c(C)s1,0
CC(C)c1cccc(C[NH2+]CC(O)C2COC/C=C/CCCNC(=O)c3cc(cc(N(C)S(C)(=O)=O)c3)C(=O)N2)c1,0
CCNc1cc(C(=O)NC(Cc2ccccc2)C(O)C[NH2+]C2CCOCC2)cc2c1CCCS(=O)(=O)N2C,0
NC1=[NH+][C@@](c2cccc(-c3cccnc3F)c2)(c2ccc3c(c2)OCCO3)C2=NCCCN21,0
CC1(C)CN2C(=N1)[C@@](c1ccc(OC(F)(F)F)cc1)(c1cccc(-c3cccnc3F)c1)[NH+]=C2N,0
CC([NH2+]CC(O)C(Cc1ccccc1)NC(=O)c1cccc(N(c2ccc(C#N)cc2)S(C)(=O)=O)c1)C(=O)NC1CCCCC1,0
CCCCNC(=O)n1cc(C(=O)NC(Cc2cc(F)cc(F)c2)C(O)C[NH2+]Cc2cccc(OC)c2)c2ccccc21,0
CCCc1cc(CC2CS(=O)(=O)CC([NH2+]Cc3cccc(C(C)C)c3)C2O)ccc1O,0
CC(=O)N[C@@H](Cc1cc(F)cc(F)c1)[C@H](O)C[NH2+]C(C)(C)c1cccc(C(C)(C)C)c1,0
CN1C(=O)[C@@](c2ccc(OC(F)F)cc2)(c2cccc(OCCC(F)(F)F)c2)N=C1N,0
CN1C(=O)[C@@](c2ccc(OC(F)F)cc2)(c2cccc(OC(F)F)c2)N=C1N,0
CCc1c[nH]c2ccc(CC3CS(=O)(=O)CC([NH2+]Cc4cccc(C(C)(C)C)c4)C3O)cc12,0
NC1=[NH+][C@](c2ccc(OC(F)(F)F)cc2)(c2cccc(CCC3CC3)c2)C2=NCCCN21,0
CC(=O)NC(Cc1cc(F)cc(F)c1)C(O)C[NH2+]C1(c2cccc(C(C)(C)C)c2)CCC(S(C)(=O)=O)CC1,0
CC(=O)NC(Cc1cc(F)cc(F)c1)C(O)C[NH2+]C1(c2cccc(C(C)(C)C)c2)CCC(NC=O)CC1,0
COCC(=O)Nc1cccc([C@@]2(C3CCCCC3)N=C(N)N(C)C2=O)c1,0
CS(=O)(=O)N(c1ccncc1)c1cccc(C(=O)NC(Cc2ccccc2)C(O)C[NH2+]Cc2cccc(C(F)(F)F)c2)c1,0
CC(=O)NC(Cc1cc(F)cc(F)c1)C(O)C[NH2+]C1(c2ccn(CC(C)(C)C)n2)CCCCC1,0
CCCN(CC1CC1)C(=O)n1cc(C(=O)NC(Cc2cc(F)cc(F)c2)C(O)C[NH2+]Cc2cccc(OC)c2)c2cccnc21,0
COCC(Oc1cc(CC2CS(=O)CC([NH2+]Cc3cccc(OC(F)(F)F)c3)C2O)cc(F)c1N)C(F)(F)F,0
CC(=O)NC(Cc1cc(F)cc(F)c1)C(O)C[NH2+]C1(c2cccc(C(C)(C)C)c2)CCCC1,0
CCCCCOc1ccc(-c2ccc(-c3ccccc3Cl)n2Cc2ccc(NCCCO)c(N)n2)cc1,0
CCCc1n[nH]c2ccc(CC3CS(=O)(=O)CC([NH2+]Cc4cccc(C(C)(C)C)c4)C3O)cc12,0
CC(=O)NC(Cc1cc(F)cc(F)c1)C(O)C[NH2+]C1(c2cc(I)cc(C(C)(C)C)c2)CCCCC1,0
COc1ccc2ccn(CC(=O)NC(=[NH2+])NCc3cc(Cl)c(NC(C)=O)c(Cl)c3)c2c1,0
COCC(Oc1cc(CC2CS(=O)CC([NH2+]Cc3cc(C(C)(C)C)ccn3)C2O)cc(F)c1N)C(F)(F)F,0
CC(=O)N[C@@H](Cc1cc(F)cc(F)c1)[C@H](O)C[NH2+]C1(c2cccc(C(C)(C)C(F)F)c2)CC1,0
Cc1ccc(C(=O)Nc2ccc3c(c2)C2(CC(C)(C)O3)N=C(N)N(C)C2=O)o1,0
COC(=O)NC1CCC([NH2+]CC(O)C(Cc2cc(F)cc(F)c2)NC(C)=O)(c2cccc(C(C)(C)C)c2)CC1,0
CC(=O)NC(Cc1cc(F)cc(F)c1)C(O)C[NH2+]C1(c2cccc(C(C)(C)C)c2)CCC(N(O)C(C)=O)CC1,0
COC(COCc1ccccc1)CC(O)C(COc1cc(F)cc(F)c1)NC(=O)c1cc(C(=O)NC(C)c2ccccc2)cc(N(C)S(C)(=O)=O)c1,0
CN1C(=O)C(c2ccncc2)(c2cccc(-c3ccsc3)c2)N=C1N,0
CCCN(CCC)C(=O)n1cc(C(=O)NC(Cc2ccccc2)C(O)C[NH2+]Cc2cccc(OC)c2)c2ccccc21,0
CC(C)SC(NC(=O)C(CC(O)C1COCc2cccc(c2)C(c2ccccc2)NC(=O)c2cc(cc(N(C)S(C)(=O)=O)c2)C(=O)N1)C(C)C)C(=O)NCc1ccccc1,0
NC1=NC(c2cccc(-c3cncnc3)c2)(c2ccnc(C(F)(F)F)c2)c2cccc(F)c21,0
COc1cccc(C[NH2+]C[C@H](O)[C@H](Cc2cc(F)cc(F)c2)NC(=O)c2cc(/C(C)=N/OCC(C)C)cc(N(c3ccccc3)S(C)(=O)=O)c2)c1,0
CS(=O)(=O)N(c1ccccc1)c1cccc(C(=O)NC(Cc2ccccc2)C(O)C[NH2+]C2CCCCC2)c1,0
CCc1cn2c3c(cc(C(=O)NC(Cc4ccccc4)[C@H](O)C[NH2+]C4CC4)cc13)OS(=O)(=O)CC2,0
CN1C(=O)C(c2cccc(-c3cccnc3)c2)(c2ccc3c(c2)OCO3)N=C1N,0
CN1C(=O)C(c2ccncc2)(c2cccc(-c3cccc(C(F)(F)F)c3)c2)N=C1N,0
CC(=O)NC(Cc1cc(F)cc(F)c1)C(O)C[NH2+]C1(c2cccc(N3CCCCC3=O)c2)CCCCC1,0
N#Cc1cncc(-c2cccc(C3(c4ccnc(C(F)(F)F)c4)N=C(N)c4c(F)cccc43)c2)c1,0
CC(=O)NC(Cc1cc(F)cc(F)c1)C(O)C[NH2+]C1(c2cccc(C(C)(C)CO)c2)CCCCC1,0
C#Cc1cccc([C@@]2(c3ccc(OC(F)F)cc3)N=C(N)N(C)C2=O)c1,0
CCN1C(=O)C2(CC(C)(C)Oc3ccc(-c4cccc(Cl)c4)cc32)N=C1N,0
NC1=NC(c2ccncc2)(c2cccc(-c3cccnc3)c2)C2=NCCCN12,0
CC(=O)NC(Cc1cc(F)cc(F)c1)C(O)C[NH2+]C1(c2cccc(-n3cccn3)c2)CCCOC1,0
COc1ccc(C2(C34CC5CC(CC(C5)C3)C4)N=C(N)N(C)C2=O)cc1OC,0
CN(c1cc2cc(c1)C(=O)NC(C(O)C[NH2+]Cc1ccccc1)COC/C=C/CCNC2=O)S(C)(=O)=O,0
CC1CC2(CC[NH+]1Cc1ccc(O)cc1)CN(C)S(=O)(=O)N2c1cccc(F)c1,0
COc1ccc(C2(c3cccc(-c4cncnc4)c3)N=C(C)C(N)=N2)cc1,0
CN1C(=O)C2(CC(C)(C)Oc3ccc(C4CCCCC4)cc32)N=C1N,0
CCc1cc(C2(C34CC5CC(CC(C5)C3)C4)N=C(N)N(C)C2=O)ccc1OC,0
Nc1cccc(Cn2c(-c3ccc(Oc4nccs4)cc3)ccc2-c2ccccc2Cl)n1,0
CS(=O)(=O)N(c1cccc(C(=O)NC(Cc2ccccc2)C(O)C[NH2+]Cc2cccc(C(F)(F)F)c2)c1)c1ccccn1,0
CC(=O)N[C@@H](Cc1cc(F)cc(F)c1)[C@H](O)C[NH2+]C1(c2cccc([C@H]3CCOC3)c2)CCOCC1,0
CC(=O)N[C@@H](Cc1cc(F)cc(F)c1)[C@H](O)C[NH2+]C1(c2cccc(C(C)(C)CF)c2)CC1,0
CC(C)c1cccc(C[NH2+]CC(O)C2Cc3cccc(c3)OCCCCNc3cccc(c3)C(=O)N2)c1,0
CC1(c2cc(NC(=O)c3ccccn3)ccc2F)N=C(N)OCC1(F)F,0
CN1CC(C)(c2cccc(NC(=O)c3ccc(Cl)cn3)c2)N=C(N)C1=O,0
Cc1cc(C2(c3cccc(-c4cncnc4)c3)N=C(N)N(C)C2=O)cc(C(C)C)n1,0
CC([NH2+]CC(O)C(Cc1ccccc1)NC(=O)c1cccc(N(C2CCCCC2)S(C)(=O)=O)c1)C(=O)NC1CCCCC1,0
CC(C)c1cccc(C[NH2+]C2CS(=O)(=O)CC(Cc3ccc(O)c(Br)c3)C2O)c1,0
CC(NC(=O)c1cc(COC(=O)C([NH3+])(CO)Cc2ccccc2)cc(N(C)S(C)(=O)=O)c1)c1ccc(F)cc1,0
CC([NH2+]CC(O)C(Cc1ccccc1)NC(=O)c1cccc(N(c2ccccc2C#N)S(C)(=O)=O)c1)C(=O)NC1CCCCC1,0
CC1=NC(c2cccc(-c3cncc(Cl)c3)c2)(C2CC2)N=C1N,0
CC1(C)Cc2cc(Cl)ccc2C(NC(Cc2cscc2Br)C(=O)[O-])=N1,0
CC(=O)NC(Cc1cc(F)cc(F)c1)C(O)C[NH2+]C1(c2cc(N)cc(C(C)(C)C)c2)CCCCC1,0
CN1C(=O)C(c2ccc(OC(F)(F)F)cc2)(c2cc(F)cc(-c3cncnc3)c2)N=C1N,0
CC(=O)NC(Cc1cc(F)cc(F)c1)C(O)C[NH2+]C1(c2csc(C(C)C)c2)CCCCC1,0
COc1ccc(C2(c3cccc(-c4cncnc4)c3)N=C(N)n3nc(C)cc32)cc1,0
CC(=O)NC(Cc1cc(F)cc(F)c1)C(O)C[NH2+]C1(c2cccc(C(C)(C)C)c2)CCCN(C(N)=O)C1,0
CCOc1ccc(C2(C34CC5CC(CC(C5)C3)C4)N=C(N)N(C)C2=O)cc1,0
CN1C(=O)[C@@](c2ccc(OC(F)F)cc2)(c2cccc(C#CC3CCCCC3)c2)N=C1N,0
COc1ccc(C2(c3cccc(-c4cccnc4)c3)N=C(C)C(N)=N2)cc1,0
CC(=O)NC(Cc1cc(F)cc(F)c1)C(O)C[NH2+]C1(c2cccc(N3C(=O)C4CCC3C4)c2)CCCCC1,0
CC(=O)NC(Cc1cc(F)cc(F)c1)C(O)C[NH2+]C1(c2cccc(CC(C)(C)C)c2)CC1,0
CC(NC(=O)c1cc(COCC(C)([NH3+])Cc2ccccc2)cc(N(C)S(C)(=O)=O)c1)c1ccc(F)cc1,0
CC(=O)NC(Cc1cc(F)cc(F)c1)C(O)C[NH2+]C1(c2cnn(CC(C)(C)C)c2)CC1,0
CC1(c2cccc(NC(=O)c3ccc(Cl)cn3)c2)N=C(N)CNC1=O,0
CC(=O)NC1CCC([NH2+]CC(O)C(Cc2cc(F)cc(F)c2)NC(C)=O)(c2cccc(C(C)(C)C)c2)CC1,0
CCCCNC(=O)NCc1ccc(CN2C(=N)NC(CCC3CCCCC3)(CC3CCCCC3)C2=O)cc1,0
CC(C)(C)c1cccc(C[NH2+]C2CS(=O)(=O)CC(Cc3ccc(N)c(F)c3)C2O)c1,0
CC(=O)NC(Cc1cc(F)cc(F)c1)C(O)C[NH2+]C1(c2cc(C(C)C)cs2)CCCCC1,0
C#CC[NH2+]C[C@@H](O)C(Cc1ccccc1)NC(=O)c1cc2c3c(c1)c(CC)cn3CCS(=O)(=O)O2,0
NC1=[NH+][C@@](c2ccc(OC(F)(F)F)cc2)(c2cccc(-c3cccnc3F)c2)C2=NCCCN21,0
CCCCNC(=O)C(C)CC(O)C(CC(C)C)NC(=O)C(CCSC)NC(=O)C(NC(C)=O)C(C)C,0
CC(=O)NC(Cc1cc(F)cc(F)c1)C(O)C[NH2+]C1(c2cccc(-c3cccs3)c2)CCCCC1,0
CCc1cc(CC2CS(=O)(=O)CC([NH2+]Cc3cccc(C(C)C)c3)C2O)ccc1O,0
Cc1sccc1C1(c2cccc(-c3cncnc3)c2)N=C(N)N(C)C1=O,0
CC(=O)NC(Cc1cc(F)cc(F)c1)C(O)C[NH2+]C1(c2cccc(C(C)(C)C)c2)CCN(C(N)=O)CC1,0
CC(=O)NC(Cc1cc(F)cc(F)c1)C(O)C[NH2+]C1(c2cccc(C(C)(C)C)c2)CCC(C#N)CC1,0
CN1C(=O)C(c2cccc(NC(=O)c3ccc4c(c3)OCO4)c2)(C2CCCCC2)N=C1N,0
C/C=C(\C)c1cccc(C2([NH2+]CC(O)C(Cc3cc(F)cc(F)c3)NC(C)=O)CCCCC2)c1,0
NC1=NC(c2ccccc2)(C2CCCCC2)C(=O)N1CC1CCC(C(=O)[O-])CC1,0
CC(=O)N[C@@H](Cc1cc(F)cc(F)c1)[C@H](O)C[NH2+]C1(c2cccc(C(C)(CF)CF)c2)CC1,0
CC(Cc1cc2cc(-c3ncccc3C#N)ccc2nc1N)C(=O)NCCC(C)(C)C,0
CC(=O)NC(Cc1cc(F)cc(F)c1)C(O)C[NH2+]C1(c2cn(C34CC5CC(CC(C5)C3)C4)nn2)CCCCC1,0
CC(=O)NC(Cc1cc(F)cc(F)c1)C(O)C[NH2+]C1(c2cccc(C(C)(C)C)c2)CCCN(O)C1,0
CC(=O)NC(Cc1cc(F)cc(F)c1)C(O)C[NH2+]C1(c2cccc(C(C)(C)C)c2)CCC(NS(C)(=O)=O)CC1,0
COc1cc(C2(c3cccc(-c4cncnc4)c3)N=C(N)c3c(F)cccc32)ccn1,0
Nc1cccc(Cn2c(-c3ccc(Oc4cccnc4)cc3)ccc2-c2ccccc2Cl)n1,0
Nc1cccc(Cn2c(-c3ccc(Oc4cccnn4)cc3)ccc2-c2ccccc2Cl)n1,0
CC(=O)NC(Cc1cc(F)cc(F)c1)C(O)C[NH2+]C1(c2cccc(N(C)C)c2)CCCCC1,0
CCn1c(=O)[nH]c2c(N3CCCC3=O)cc(C(=O)NC(Cc3ccccc3)C(O)C[NH2+]Cc3cccc(OC)c3)cc21,0
COc1cccc(C[NH2+]C[C@H](O)[C@H](Cc2cc(F)cc(F)c2)NC(=O)c2cc(/C(C)=N\OCC(C)C)cc(N3CCCCS3(=O)=O)c2)c1,0
CC(C)COc1ccc2c(c1)C1(CC(C)(C)O2)N=C(N)N(C)C1=O,0
CS(=O)(=O)N(c1ccccc1)c1cccc(C(=O)NC(Cc2ccccc2)C(O)C[NH2+]C2CC2)c1,0
Cn1ccc(C(=O)Nc2ccc(F)c(C3(C)N=C(N)OCC3(F)F)c2)n1,0
CC(=O)NC(Cc1cc(F)cc(F)c1)C(O)C[NH2+]C1(c2cn(CC(C)(C)C)nn2)CC1,0
CC1(C)Cc2cc(Cl)ccc2C(NC(Cc2cscc2-c2cn[nH]c2)C(=O)[O-])=N1,0
COc1ccc2c(ccn2CC(=O)NC(=[NH2+])NCc2cc(Cl)c(NC(C)=O)c(Cl)c2)c1,0
CN1C(=O)C2(CC(C)(C)Oc3ccc(-c4ccccc4)cc32)N=C1N,0
Nc1cccc(Cn2c(-c3ccc(Oc4cnccn4)cc3)ccc2-c2ccccc2Cl)n1,0
CC(=O)NC(Cc1cc(F)cc(F)c1)C(O)C[NH2+]C1(c2cccc(I)c2)CCCCC1,0
CN1C(=O)C(c2ccc(OC(F)(F)F)cc2)(C23CC4CC(CC(C4)C2)C3)N=C1N,0
Cc1cc(C2(c3cccc(-c4cncnc4)c3)N=C(N)N(C)C2=O)c(Cl)s1,0
CC1(C)Cc2cc(Cl)ccc2C(NC(Cc2ccccc2)c2ncc(C#N)c(=O)[nH]2)=N1,0
COC(COC(C)C)CC(O)C(COc1cc(F)cc(F)c1)NC(=O)c1cc(C(=O)NC(C)c2ccccc2)cc(N(C)S(C)(=O)=O)c1,0
COCC1CCN(C(C)C(=O)NC(Cc2cc(F)cc(F)c2)C(O)C[NH2+]Cc2cccc(OC)c2)C1=O,0
CCc1cn2c3c(cc(C(=O)NC(Cc4ccccc4)C(O)C[NH2+]C4CC4)cc13)NS(=O)(=O)CCC2,0
CCCN(CCC)C(=O)c1cc(C)cc(C(=O)NC(Cc2cc(F)cc(F)c2)C(O)C2C[NH2+]CC[NH2+]2)c1,0
CC1=NC(c2ccc(F)cc2)(c2cccc(-c3cccnc3)c2)N=C1N,0
CC(=O)NC(Cc1cc(F)cc(F)c1)C(O)C[NH2+]C1(c2cccc(C(C)(C)C)c2)CCC(Nc2cccnc2)CC1,0
Cc1cc2cc(c1)C(=O)NC(C(O)C[NH2+]Cc1cccc(C(C)C)c1)COC/C=C/CCNC2=O,0
NC1=NC(c2ccncc2)(c2cccc(-c3cncnc3)c2)c2ccccc21,0
COc1cccc(-c2cccc(C3(c4ccncc4)N=C(N)CS3)c2)c1,0
CN1C(=O)C2(CC(C)(C)Oc3ccc(-c4ccsn4)cc32)N=C1N,0
CC#Cc1cscc1CC(NC1=NC(C)(C)Cc2cc(Cl)ccc21)C(=O)[O-],0
COc1ncccc1-c1cccc(C2(c3ccc(OC(F)(F)F)cc3)N=C(N)N(C)C2=O)c1,0
CC(C)(C)c1cccc(C[NH2+]C2CS(=O)CC(Cc3cc(O)c(N)c(F)c3)C2O)c1,0
CN1C(=O)[C@@](c2ccc(OC(F)F)cc2)(c2cccc(/C(F)=C/C3CC3)c2)N=C1N,0
CCN1CC[NH+]2CCS(=O)(=O)N(C)C3C=C(C(=O)NC(Cc4ccccc4)C(O)C[NH2+]C4CC4)C=C1C32,0
CCCCCOc1ccc(-c2ccc(-c3ccccc3Cl)n2Cc2cccc(N)n2)cc1,0
CC1(c2cccc(NC(=O)c3ccc(Cl)cn3)c2)N=C(N)c2ccccc21,0
COc1ccc(C2(c3ccc(F)c(-c4cccnc4F)c3)N=C(N)N(C)C2=O)cc1C,0
CC(=O)NC(Cc1cc(F)cc(F)c1)C(O)C[NH2+]C1(c2cccc(C3CCOCOC3)c2)CCCCC1,0
CC(C)(C)c1cccc(C[NH2+]C2CS(=O)(=O)CC(Cc3cc(F)c4c(c3)C3(CCC3)CN4)C2O)c1,0
CC1(C)Cc2cc(Cl)ccc2C(NC(Cc2ccccc2)c2ncc(Cl)c(=O)[nH]2)=N1,0
CC1(C)Cc2cc(Cl)ccc2C(NC(Cc2cscc2CCC2CC2)C(=O)[O-])=N1,0
CCC(=O)NC(C)(C)C1CCCC(C(=O)NC(Cc2ccccc2)C(O)C[NH2+]Cc2cccc(C(C)C)c2)C1,0
CC(=O)NC(Cc1cc(F)cc(F)c1)C(O)C[NH2+]C1(c2cccc(C3CCCO3)c2)CC1,0
CC(=O)NC(Cc1cc(F)cc(F)c1)C(O)C[NH2+]C1(c2cccc(C3(C)CCCO3)c2)CC1,0
C=CCNC(=O)c1ccc(-c2ccc(-c3ccccc3)n2Cc2cccc(N)n2)cc1,0
Nc1cccc(Cn2c(-c3ccc(Oc4ccncc4)cc3)ccc2-c2ccccc2Cl)n1,0
CC1(C)Cc2cc(Cl)ccc2C(NC(Cc2ccccc2)c2ncc(I)c(=O)[nH]2)=N1,0
CCC(C)C1(NC(C)=O)CCN(C(CCc2ccccc2)C(=O)NC(Cc2cc(F)cc(F)c2)[C@H](O)[C@@H]2Cc3ccccc3C[NH2+]2)C1=O,0
O=C(C1C[NH2+]CC1c1ccccc1Br)N1CCC(c2ccccc2)CC1c1ccccc1,0
CC1(C)CC2(N=C(N)N(CC(F)(F)F)C2=O)c2cc(-c3cccc(Cl)c3)ccc2O1,0
CC(=O)N[C@@H](Cc1cc(F)cc(F)c1)[C@H](O)C[NH2+]C1(c2cccc(C(C)(C)C)c2)CCC1,0
CC(C)(C)c1cccc(C[NH2+]C2CS(=O)(=O)CC(Cc3cccc(Br)c3)C2O)c1,0
CCCc1cscc1CC(NC1=NC(C)(C)Cc2cc(Cl)ccc21)C(=O)[O-],0
COc1ccc(C2(c3ccc(C#N)c(-c4cccnc4)c3)N=C(N)N(C)C2=O)cc1C,0
CN1C(=O)C(c2ccncc2)(c2cccc(-c3ccoc3)c2)N=C1N,0
CCc1cscc1CC(NC1=NC(C)(C)Cc2cc(Cl)ccc21)C(=O)[O-],0
COc1cccc(-c2cccc(C3(C)N=C(N)CCS3)c2)c1,0
COc1ccc(C2(c3cccc(-c4cncnc4)c3)N=C(N)c3nc(C)sc32)cc1,0
CC(=O)NC(Cc1cc(F)cc(F)c1)C(O)C[NH2+]C1(c2cc(C(C)(C)C)ccn2)CC1,0
COCc1cc2cc(c1)C(=O)NC(C(O)C[NH2+]C(COC)c1cccc(C(C)(C)C)c1)Cc1cccc(c1)OCCCCN2,0
CCCOc1cccc(CC2CS(=O)(=O)CC([NH2+]Cc3cccc(C(C)(C)C)c3)C2O)c1,0
CCc1cccc(C2([NH2+]CC(O)C(Cc3cc(F)cc(F)c3)NC(C)=O)CCCCC2)c1,0
CC(=O)NC(Cc1cc(F)cc(F)c1)C(O)C[NH2+]C1(c2cccc(N3CCCOCC3)c2)CCCCC1,0
CN1C(=O)C2(CC(C)(C)C(=O)c3ccc(-c4cncnc4)cc32)N=C1N,0
CC1(C)Cc2cc(Cl)ccc2C(NC(Cc2sccc2Br)C(=O)[O-])=N1,0
CC(=O)NC(Cc1cc(F)cc(F)c1)C(O)C[NH2+]C1(c2cccc(S(C)(=O)=O)c2)CCCCC1,0
CC(=O)NC(Cc1cc(F)cc(F)c1)C(O)C[NH2+]C1(c2cc(CC(C)(C)C)c[n+]([O-])c2)CC1,0
NC1=[NH+][C@@](c2cccc(-c3cccnc3F)c2)(c2ccc3c(c2)OC(F)(F)O3)C2=NCCCN21,0
COc1ccc(F)c(-c2ccc3c(c2)C2(COC(N)=N2)c2cc(OC)ccc2O3)c1,0
CC(=O)NC(Cc1cc(F)cc(F)c1)C(O)C[NH2+]C1(c2cccc(N3CCCOCC3=O)c2)CCCCC1,0
CC1(C)Cc2cc(Cl)ccc2C(NC(Cc2ccccc2)c2noc(=O)[nH]2)=N1,0
CC(=O)N[C@@H](Cc1cc(F)cc(F)c1)[C@H](O)C[NH2+]C1(c2cccc([C@H]3CCOC3)c2)CC1,0
CC(C)c1cccc(C[NH2+]C2CS(=O)(=O)CC(Cc3cccc(Br)c3)C2O)c1,0
C#Cc1cscc1CC(NC1=NC(C)(C)Cc2cc(Cl)ccc21)C(=O)[O-],0
NC1=NC2(c3cccc(NC(=O)c4ccc(Cl)cn4)c3)CC2CS1,0
CC(=O)NC(Cc1cc(F)cc(F)c1)C(O)C[NH2+]C1(c2cncc(CC(C)(C)C)c2)CC1,0
CC1(C)Cc2ccc(-c3cncc(Cl)c3)cc2C2(COC(N)=N2)C1,0
NC1=[NH+][C@@](c2ccc(OC(F)(F)F)cc2)(c2cccc(-c3cncnc3)c2)C2=NCCCN21,0
COc1ccc(C2(c3cccc(-c4cccnc4)c3)N=C(N)CS2)cc1,0
CCCCNC(=O)C(C)CC(O)C(Cc1ccccc1)NC(=O)C1CCCC(C(NC(C)=O)C(C)C)C1,0
CC(=O)NC(Cc1cc(F)cc(F)c1)C(O)C[NH2+]C1(c2cccc(C3CCCC3=O)c2)CCCCC1,0
COc1ccc2c(c1)C1(COC(N)=N1)c1cc(-c3cccnc3F)ccc1O2,0
COc1cccc(-c2cccc(C3(C4CCN(C(C)=O)CC4)N=C(C)C(N)=N3)c2)c1,0
Nc1cccc(Cn2c(-c3ccc(Oc4ccccn4)cc3)ccc2-c2ccccc2Cl)n1,0
CC(=O)NC(Cc1cc(F)cc(F)c1)C(O)C[NH2+]C1(c2cccc(CC(C)C)c2)CCCCC1,0
CN1CC(N)=NC(C)(c2cccc(NC(=O)c3ccc(C#N)cn3)c2)C1=O,0
CC(=O)NC(Cc1cc(F)cc(F)c1)C(O)C[NH2+]C1(c2cccc(N3CCCC3=O)c2)CCCCC1,0
CC1(C)Cc2cc(Cl)ccc2C(NC(Cc2cscc2-c2ncco2)C(=O)[O-])=N1,0
CC(NC(=O)c1cc(-c2n[nH]c(C(C)([NH3+])Cc3ccccc3)n2)cc(N(C)S(C)(=O)=O)c1)c1ccc(F)cc1,0
CC(=O)Nc1c(Cl)cc(CNC(=[NH2+])NC(=O)Cn2ccc3ccc(CN(C)S(C)(=O)=O)cc32)cc1Cl,0
Nc1cccc(Cn2c(-c3ccc(Oc4ccccc4)cc3)ccc2-c2ccccc2Cl)n1,0
CC(=O)NC(Cc1cc(F)cc(F)c1)C(O)C[NH2+]C1(c2cccc(C(C)(C)C)c2)CCCN(C(=O)OCc2ccccc2)C1,0
CN1C(=O)C(c2cccc(NC(=O)c3cccn3C)c2)(C2CCCCC2)N=C1N,0
CCCCN(C)C(=O)n1cc(C(=O)NC(Cc2cc(F)cc(F)c2)C(O)C[NH2+]Cc2cccc(OC)c2)c2cc(C(=O)OCc3ccccc3)ccc21,0
CCCCOc1ccc(C2(C34CC5CC(CC(C5)C3)C4)N=C(N)N(C)C2=O)cc1,0
CC(=O)NC(Cc1cc(F)cc(F)c1)C(O)C[NH2+]C1(c2ccn(CC(C)(C)C)n2)CC1,0
CCC(C)C1(NC(C)=O)CCN(C(CCc2ccccc2)C(=O)NC(Cc2cc(F)cc(F)c2)C(O)C2Cc3cccc(O)c3C[NH2+]2)C1=O,0
CCc1cc(CC2CS(=O)(=O)CC([NH2+]Cc3cccc(C(C)(C)C)c3)C2O)cc(F)c1N,0
COc1ccc(-c2cccc(C3(c4ccc(OC(F)(F)F)cc4)N=C(N)N(C)C3=O)c2)cn1,0
CCc1cccc([C@@]2(c3ccc(OC(F)F)cc3)N=C(N)N(C)C2=O)c1,0
COc1ccc2c(c1)C1(COC(N)=N1)c1cc(-c3cccc(OC)c3F)ccc1O2,0
COc1ccc2c(c1)C1(COC(N)=N1)c1cc(-c3ccc(F)nc3)ccc1O2,0
O=C(NC(Cc1ccccc1)C(O)C[NH2+]Cc1cccc(C(F)(F)F)c1)c1cccc(N2c3ccccc3OS2(=O)=O)c1,0
CC(NC(=O)c1cc(COCC([NH3+])(Cc2ccccc2)C(F)F)cc(N(C)S(C)(=O)=O)c1)c1ccc(F)cc1,0
Cc1ccc(C(=O)NC(Cc2ccccc2)C(O)C[NH2+]Cc2cccc(C(F)(F)F)c2)cc1N(c1ccccc1)S(C)(=O)=O,0
CC(=O)NC(Cc1cc(F)cc(F)c1)C(O)C[NH2+]C1(c2cccc(C3CCCC3)c2)CCCCC1,0
NC1=NC(c2ccccc2)(C2CCCCC2)C(=O)N1CCCCCC(=O)[O-],0
CC(=O)NC(Cc1ccccc1)C(O)C[NH2+]C1CC2(CCC2)Oc2ncc(Cl)cc21,0
Nc1cccc(Cn2c(-c3ccc(Nc4cncnc4)cc3)ccc2-c2ccccc2Cl)n1,0
CC(=O)N[C@@H](Cc1cc(F)cc(F)c1)[C@H](O)C[NH2+]C1(c2cccc(-n3cccn3)c2)CC1,0
CN1C(=O)C(c2ccccc2)(C2CCCCC2)N=C1N,0
CC(C)c1cccc(C[NH2+]C2CS(=O)(=O)CC(Cc3ccc(O)c(CCO)c3)C2O)c1,0
CC(NC(=O)c1cc(COCC([NH3+])(CF)Cc2ccccc2)cc(N(C)S(C)(=O)=O)c1)c1ccc(F)cc1,0
CC(=O)NC(Cc1cc(F)cc(F)c1)C(O)C[NH2+]C1(c2cccc(N3CCCNC3=O)c2)CCCCC1,0
CCCCC1CCN(C(CCc2ccccc2)C(=O)NC(Cc2cc(F)cc(F)c2)C(O)C2Cc3ccccc3C[NH2+]2)C1=O,0
CC1(c2cccc(-c3cncnc3)c2)N=C(N)CCS1,0
CC(=O)Nc1c(Cl)cc(CNC(=[NH2+])NC(=O)Cn2ccc3ccccc32)cc1Cl,0
CN1C(=O)C(C)(c2cccc(NC(=O)c3ccc(Cl)cn3)c2)N=C1N,0
NC1=NC(c2ccccc2)(C2CCCCC2)C(=O)N1CC1CCCO1,0
CN1C(=O)C(C2CCCCC2)(C2CCCCC2)N=C1N,0
NC1=NC(c2ccccc2)(C2CCCCC2)C(=O)N1Cc1cc(F)cc(F)c1,0
Cn1cc(-c2cscc2CC(NC2=NC(C)(C)Cc3cc(Cl)ccc32)C(=O)[O-])cn1,0
COc1ccc(C(Cc2cc([N+](=O)[O-])ccc2OC)c2csc(N)n2)cc1,0
CC(=O)NC(Cc1cc(F)cc(F)c1)C(O)C[NH2+]C1(c2cccc(-c3ccco3)c2)CCCCC1,0
CCCCOC(=O)n1cc(C(=O)NC(Cc2cc(F)cc(F)c2)C(O)C[NH2+]Cc2cccc(OC)c2)c2ccccc21,0
CC(C)c1cccc(C[NH2+]C2CS(=O)(=O)CC(Cc3ccccc3)C2O)c1,0
CCCOCc1cccc(CC2CS(=O)(=O)CC([NH2+]Cc3cccc(C(C)C)c3)C2O)c1,0
CCCN(CCC)C(=O)c1cccc(C(=O)NC(Cc2cc(F)cc(F)c2)C(O)C2Cc3ccccc3C[NH2+]2)c1,0
CCc1n[nH]c2ccc(C[NH+]3CCC4(CC3C)CN(C)S(=O)(=O)N4c3cccc(F)c3)cc12,0
CCCOc1ccc(-c2ccc(-c3ccccc3Cl)n2Cc2cccc(N)n2)cc1,0
COc1ccc2c(c1)C1(COC(N)=N1)c1cc(-c3cccc(Cl)c3F)ccc1O2,0
COc1ccc2c(c1)C1(COC(N)=N1)c1cc(-c3ccccc3)ccc1O2,0
Nc1cccc(Cn2c(-c3ccccc3)ccc2-c2ccc(C(=O)NC3CC3)cc2)n1,0
CC(C)c1cccc(C[NH2+]C2CS(=O)(=O)CC(Cc3ccc(O)c(CO)c3)C2O)c1,0
CCCCN(C)C(=O)n1cc(C(=O)NC(Cc2cc(F)cc(F)c2)C(O)C2Cc3ccccc3C[NH2+]2)c2cccnc21,0
CCOc1cc(C[NH+]2CCC3(CC2C)CN(C)S(=O)(=O)N3c2cccc(F)c2)ccc1O,0
NC1=NC(c2ccc(OC(F)F)cc2)(c2cccc(-c3cccnc3F)c2)CO1,0
NC1=NC(c2ccccc2)(C2CCCCC2)C(=O)N1Cc1ccccc1,0
CN1C(=O)[C@](c2ccccc2)(c2ccc(OCCF)cc2)N=C1N,0
CNC(=O)c1cc(C(=O)NC(COCc2cc(F)cc(F)c2)C(O)CC(C)C(=O)NC(C(=O)NCc2ccccc2)C(C)C)cc(N(C)S(C)(=O)=O)c1,0
CC1(C)Cc2cc(Cl)ccc2C(NC(Cc2cscc2-c2cc[nH]n2)C(=O)[O-])=N1,0
CC1=NC(c2ccccc2)(c2cccc(-c3cccnc3)c2)N=C1N,0
CN1C(=O)CC(C)(CCc2cccc(-c3ccccc3)c2)N=C1N,0
CC(=O)NC(Cc1cc(F)cc(F)c1)C(O)C[NH2+]C1(c2cccc(C(C)(C)C)c2)CCCN(C(C)=O)C1,0
CC(=O)N(c1ccccc1)c1cccc(C(=O)NC(Cc2ccccc2)C(O)C[NH2+]C(C)C(=O)NC2CCCCC2)c1,0
CC(=O)NC(Cc1cc(F)cc(F)c1)C(O)C[NH2+]C1(c2cccc(N3CCOCC3=O)c2)CCCCC1,0
CC(=O)NC(Cc1cc(F)cc(F)c1)C(O)C[NH2+]C1(c2cccc(N3CCOC3=O)c2)CCCCC1,0
CC(=O)N[C@@H](Cc1cc(F)cc(F)c1)[C@H](O)C[NH2+]Cc1cccc(C(C)(C)C)c1,0
C=C(c1cccc(C2([NH2+]C[C@@H](O)[C@H](Cc3cc(F)cc(F)c3)NC(C)=O)CC2)c1)C(F)(F)F,0
CC(C)Oc1cccc(C[NH+]2CCC3(CNS(=O)(=O)N3c3cccc(F)c3)CC2C)c1,0
CC1(C)Cc2ccc(-c3cncnc3)cc2C2(COC(N)=N2)C1,0
COc1cccc(C(=O)Nc2cccc(C3(C4CCCCC4)N=C(N)N(C)C3=O)c2)c1,0
CN1C(=O)C(c2ccc(OC(F)(F)F)cc2)(c2cccc(-c3cncnc3)c2F)N=C1N,0
CC(NC(=O)c1cc(COCC([NH3+])(CO)Cc2ccccc2)cc(N(C)S(C)(=O)=O)c1)c1ccc(F)cc1,0
CN1CC(N)=NC(C)(c2cccc(NC(=O)c3ccc(C(F)(F)F)cn3)c2)C1=O,0
Cc1cc(C2(c3cccc(-c4cncnc4)c3)N=C(N)c3c(F)cccc32)cc(C)n1,0
CCCCCCN1C(=O)C(c2ccccc2)(C2CCCCC2)N=C1N,0
CN1C(=O)[C@](c2ccc(OC(F)(F)F)cc2)(c2ccc(F)c(-c3cncnc3)c2)N=C1N,0
CC(=O)NC(Cc1cc(F)cc(F)c1)C(O)C[NH2+]C1(c2cccc(N3CCNC3=O)c2)CCCCC1,0
CC(C)Oc1cccc(C[NH2+]C2CS(=O)(=O)CC(Cc3ccc(O)c(Br)c3)C2O)c1,0
CC1=NC(c2cccc(-c3cccnc3)c2)(C2CCCCC2)N=C1N,0
CN1C(=O)[C@](c2ccccc2)(c2ccc(OC(F)(F)F)cc2)N=C1N,0
CCCc1cccc(C2(c3ccc(OC(F)(F)F)cc3)[NH+]=C(N)N3CCCN=C32)c1,0
CC(C)(C)c1cccc(C[NH2+]C2CS(=O)(=O)CC(Cc3ccc4[nH]ncc4c3)C2O)c1,0
CN1C(=O)C2(CC(C)(C)C(F)(F)c3ccc(-c4cncnc4)cc32)N=C1N,0
COC(CNc1ccccc1)CC(O)C(COc1cc(F)cc(F)c1)NC(=O)c1cc(C(=O)NC(C)c2ccccc2)cc(N(C)S(C)(=O)=O)c1,0
COC(CNc1ccc(F)cc1)CC(O)C(COc1cc(F)cc(F)c1)NC(=O)c1cc(C(=O)NC(C)c2ccccc2)cc(N(C)S(C)(=O)=O)c1,0
CCc1cn2c3c(ccc(C(=O)NC(COc4cc(F)cc(F)c4)C(O)CC(COCc4ccc(OC)cc4)OC)c13)N(C)S(=O)(=O)CC2,0
CCN(CC)C(=O)n1cc(C(=O)NC(Cc2ccccc2)C(O)C[NH2+]Cc2cccc(OC)c2)c2ccccc21,0
CC(C)Oc1cccc(C[NH+]2CCC3(CC2C)CN(c2ncccn2)S(=O)(=O)N3c2cccc(F)c2)c1,0
COc1c(C)cc([C@]2(c3cccc(-c4cncnc4)c3)N=C(C)C(N)=N2)cc1C,0
COc1ccc2c(c1)C1(COC(N)=N1)c1cc(-c3ccc(Cl)cc3F)ccc1O2,0
CC(=O)NC(Cc1cc(F)cc(F)c1)C(O)C[NH2+]C1(c2ncc(C(C)(C)C)o2)CCCCC1,0
CC(=O)NC(Cc1cc(F)cc(F)c1)C(O)C[NH2+]C1(c2cccc(-n3ccnc3)c2)CCCCC1,0
CCCCC1CCN(C(C)C(=O)NC(Cc2cc(F)cc(F)c2)C(O)C2Cc3ccccc3C[NH2+]2)C1=O,0
CC1CC2(CC[NH+]1Cc1ccc(O)c(Cl)c1)CN(C)S(=O)(=O)N2c1cccc(F)c1,0
CC(=O)NC(Cc1cc(F)cc(F)c1)C(O)C[NH2+]C1(c2ccc(CC(C)(C)C)s2)CC1,0
CC(C)(C)c1cccc(C[NH2+]C2CS(=O)(=O)CC(Cc3ccccc3)C2O)c1,0
CCCCOc1ccc(-c2ccc(-c3ccccc3Cl)n2Cc2cccc(N)n2)cc1,0
COc1ccc2c(c1)C1(COC(N)=N1)c1cc(-c3cccc(C)c3)ccc1O2,0
CC(=O)NC(Cc1cc(F)cc(F)c1)C(O)C[NH2+]C1(c2cccc(C3CCCCO3)c2)CC1,0
CC(=O)N[C@@H](Cc1cc(F)cc(F)c1)[C@H](O)C[NH2+][C@]1(c2cccc(C(C)(C)C(F)F)c2)C[C@H]1C,0
CC1CC2(CC[NH+]1Cc1cccc(-c3ccccc3Cl)c1)CNS(=O)(=O)N2c1cccc(F)c1,0
CCN1CC2(CC[NH+](Cc3cccc(OC(C)C)c3)C(C)C2)N(c2cccc(F)c2)S1(=O)=O,0
CC(C)Oc1cccc(C[NH+]2CCC3(CC2C)CN(c2ncco2)S(=O)(=O)N3c2cccc(F)c2)c1,0
COc1ccccc1-c1ccc2c(c1)C1(CC(C)(C)O2)N=C(N)N(C)C1=O,0
CC(C)C(=O)Nc1c(Cl)cc(CNC(=[NH2+])NC(=O)Cn2ccc3ccccc32)cc1Cl,0
CCc1csc(C2([NH2+]CC(O)C(Cc3cc(F)cc(F)c3)NC(C)=O)CCCCC2)c1,0
CC(C)NC(=O)c1ccc(-c2ccc(-c3ccccc3)n2Cc2cccc(N)n2)cc1,0
COc1ccc2c(c1)C1(COC(N)=N1)c1cc(-c3ccc(C)cc3)ccc1O2,0
COc1ccc(COCC(CC(O)C(COc2cc(F)cc(F)c2)NC(=O)c2cc(N(C)CC3CC3C)nc(N(C)S(C)(=O)=O)c2)OC)cc1,0
CC(C)c1cccc(C[NH2+]C2CS(=O)(=O)CC(Cc3ccc(O)cc3)C2O)c1,0
CC(NC(=O)c1cc(-c2nc(C(C)([NH3+])Cc3ccccc3)no2)cc(N(C)S(C)(=O)=O)c1)c1ccc(F)cc1,0
CC(=O)NC(Cc1cc(F)cc(F)c1)C(O)C[NH2+]C1(c2ccn(C(C)(C)C)n2)CCCCC1,0
CC1(C)Cc2cc(Cl)ccc2C(NC(Cc2cscc2-c2ccncc2)C(=O)[O-])=N1,0
COC(COCC1CC1)CC(O)C(COc1cc(F)cc(F)c1)NC(=O)c1cc(C(=O)NC(C)c2ccccc2)cc(N(C)S(C)(=O)=O)c1,0
CC(=O)NC(Cc1cc(F)cc(F)c1)C(O)C[NH2+]C1(c2cccc(N3CC4CCC3C4)c2)CC1,0
COCCCC1NC(=O)c2cc(cc(N(C)S(C)(=O)=O)c2)C(=O)NC(C(O)CC(C(=O)NCC(C)C)C(C)C)COCc2cccc1c2,0
CC1(C)Cc2ccc(-c3cccnc3F)cc2C2(COC(N)=N2)C1,0
COc1ccc(C2(c3cccc(-c4cc(Cl)ccc4F)c3)COC(N)=N2)cc1,0
CCn1cc([C@@]2(c3cccc(-c4cccnc4F)c3)N=C(N)N(C)C2=O)cn1,0
CC1(C)Cc2ccc(-c3cncc(Cl)c3)cc2C2(CSC(N)=N2)C1,0
CCCN(CCC)C(=O)c1cc(CC(COC)OC)cc(C(=O)NC(Cc2cc(F)cc(F)c2)C(O)C[NH2+]Cc2cccc(OC)c2)c1,0
COc1cccc(-c2cccc(C3(C)CSCC(N)=N3)c2)c1,0
COc1cccc(-c2cccc(C3(C)CCSC(N)=N3)c2)c1,0
COc1ccc2c(c1)C1(COC(N)=N1)c1cc(-c3ccc(Cl)cc3)ccc1O2,0
CC1(c2cccc(NC(=O)c3ccc(Cl)cn3)c2)COC(N)=N1,0
C=CCOCC(CC(O)C(COc1cc(F)cc(F)c1)NC(=O)c1cc(C(=O)NC(C)c2ccccc2)cc(N(C)S(C)(=O)=O)c1)OC,0
CC(NC(=O)c1cc(-c2noc(C(C)([NH3+])Cc3ccccc3)n2)cc(N(C)S(C)(=O)=O)c1)c1ccc(F)cc1,0
COc1ccc(C2(c3cccc(-c4cccc(Cl)c4)c3)COC(N)=N2)cc1,0
CCCCNC(=O)NCc1ccc(CN2C(=N)NC(CC3CCCCC3)(CC3CCCCC3)C2=O)cc1,0
CC(=O)NC(Cc1cc(F)cc(F)c1)C(O)C[NH2+]C1(c2cccc(CC(C)(C)C)c2)CCCCC1,0
COc1ccc(C2(c3cccc(-c4cncnc4)c3)N=C(N)C(C(C)C)=N2)cc1,0
COc1ccc2c(c1)C1(COC(N)=N1)c1cc(-c3ccncc3Cl)ccc1O2,0
CC(C)Oc1cccc(C[NH+]2CCC3(CC2C)CN(c2nccs2)S(=O)(=O)N3c2cccc(F)c2)c1,0
CN1C(=O)C(c2ccccc2)(c2ccc(Cl)cc2)N=C1N,0
CCNC(=O)c1ccc(-c2ccc(-c3ccccc3)n2Cc2cccc(N)n2)cc1,0
CCCOc1cccc(CC2CS(=O)(=O)CC([NH2+]Cc3cccc(C(C)C)c3)C2O)c1,0
CC(C)Oc1cccc(C[NH+]2CCC3(CC2C)CN(C(C)C)S(=O)(=O)N3c2cccc(F)c2)c1,0
CC(C)CNC(=O)[C@H](C)C[C@H](O)[C@H](CC(C)C)NC(=O)[C@H](Cc1ccccc1)NC(=O)[C@H](CC(C)C)NC(=O)OC(C)(C)C,0
CN1C(=O)C2(CC(C)(C)Oc3ccc(-c4ccccn4)cc32)N=C1N,0
CC(=O)NC(Cc1cc(F)cc(F)c1)C(O)C[NH2+]C1(c2cccc(-n3cccn3)c2)CCOC1,0
CC(=O)NC(Cc1cc(F)cc(F)c1)C(O)C[NH2+]C1(c2cccc(N3CC4CC3CO4)c2)CC1,0
CC(=O)NC(Cc1cc(F)cc(F)c1)C(O)C[NH2+]C1(c2cc(C(C)(C)C)ncn2)CCCCC1,0
CC1(C)Cc2cc(Cl)ccc2C(NC(Cc2cscc2C2CC2)C(=O)[O-])=N1,0
COc1ccc(-c2ccc(-c3ccccc3Cl)n2Cc2cccc(N)n2)cc1,0
CN1C(=O)C(c2ccccc2)(c2cccc(Cl)c2)N=C1N,0
NC1=[NH+][C@](c2ccc(OC(F)(F)F)cc2)(c2cccc(Br)c2)C2=NCCCN21,0
CC1=NC(Cc2ccccc2)(c2cccc(-c3cncnc3)c2)N=C1N,0
CC(C)CNC(=O)[C@H](C)C[C@H](O)[C@H](CC(C)C)NC(=O)[C@H](Cc1ccc([N+](=O)[O-])cc1)NC(=O)c1ccc([N+](=O)[O-])cc1,0
CN1C(=O)C(c2ccccc2)(c2ccncc2)N=C1N,0
CCCCNC(=O)C(C)CC(O)C(Cc1ccccc1)NC(=O)C1CCCC(C2(NC(C)=O)CCCC2)C1,0
CC1(C)Cc2cc(Cl)ccc2C(NC(Cc2ccccc2)c2nccc(=O)[nH]2)=N1,0
CC(C)(C)c1cccc(C[NH2+]C2CS(=O)(=O)CC(Cc3ccc4[nH]ccc4c3)C2O)c1,0
COc1ccc2c(c1)C1(COC(N)=N1)c1cc(-c3cccc(OC(F)(F)F)c3)ccc1O2,0
COc1ccc(CC2CS(=O)(=O)CC([NH2+]Cc3cccc(C(C)C)c3)C2O)cc1Br,0
CC1(C)Cc2cc(Cl)ccc2C(NC(Cc2ccccc2)C(=O)[O-])=N1,0
CCCC(=O)Nc1cccc([C@@]2(C3CCCCC3)N=C(N)N(C)C2=O)c1,0
CC(C)Oc1cccc(-c2ccc3c(c2)C2(CC(C)(C)O3)N=C(N)N(C)C2=O)c1,0
CC1(C)Cc2cc(Cl)ccc2C(NC(Cc2ccsc2)C(=O)[O-])=N1,0
CN1C(=O)CC(C)(C2CC2c2cccc(/C=C/c3ccccc3)c2)N=C1N,0
CCCCNC(=O)NCc1ccc(CN2C(=N)NC(CCC3CCCCC3)(CC(C)C)C2=O)cc1,0
CCCNC(=O)c1ccc(-c2ccc(-c3ccccc3)n2Cc2cccc(N)n2)cc1,0
CCCCNC(=O)c1ccc(-c2ccc(-c3ccccc3)n2Cc2cccc(N)n2)cc1,0
CCC(=O)c1cc([C@@]2(c3cccc(-c4cccnc4F)c3)N=C(N)N(C)C2=O)cs1,0
COc1cccc(-c2cccc(C3(C4CCOCC4)N=C(C)C(N)=N3)c2)c1,0
CC(=O)NC(Cc1cc(F)cc(F)c1)C(O)C[NH2+]C1(c2csc(CC(C)(C)C)n2)CC1,0
COc1ccc(C2(c3ccccc3)N=C(N)N(C)C2=O)cc1,0
CCCCS(=O)(=O)n1cc(C(=O)NC(Cc2ccccc2)C(O)C[NH2+]Cc2cccc(OC)c2)c2ccccc21,0
COc1ccc(C2NC(=O)c3cc(cc(N(C)S(C)(=O)=O)c3)C(=O)NC(C(O)CC(C(=O)NCC(C)C)C(C)C)COCc3cccc2c3)cc1,0
CC(C)Oc1cccc(C[NH+]2CCC3(CC2C)CN(c2cccnc2)S(=O)(=O)N3c2cccc(F)c2)c1,0
COc1cccc(-c2cccc(C3(C)COCC(N)=N3)c2)c1,0
COc1ccc(C2(c3cccc(-c4cccnc4)c3)CC(OC)C(N)=N2)cc1,0
COc1ccc2c(c1)C1(COC(N)=N1)c1cc(-c3cc(Cl)c(C)cc3F)ccc1O2,0
NC1=NC2(c3cccc(NC(=O)c4ccc(Cl)cn4)c3)CCOCC2O1,0
COc1cccc(-c2cccc(C3CC3C3(C)CC(=O)N(C)C(N)=N3)c2)c1,0
CC1(C)Cc2cc(Cl)ccc2C(NC(Cc2ccccc2)c2n[nH]c(=O)[nH]2)=N1,0
COc1ccc(C2(c3cccc(Br)c3)N=C(N)N3CC(F)(F)CN=C32)cc1,0
CN1C(=O)C(c2ccccc2)(c2ccccc2)N=C1N,0
Nc1cccc(Cn2c(-c3ccccc3)ccc2-c2ccc(C(=O)NC3CCC3)cc2)n1,0
COc1cccc(C2(c3ccccc3)N=C(N)N(C)C2=O)c1,0
Cc1ccc(N(c2ccccc2)S(C)(=O)=O)cc1C(=O)NC(Cc1ccccc1)C(O)C[NH2+]Cc1cccc(C(F)(F)F)c1,0
COc1cccc(-c2cccc(C3(C)N=C(C)C(N)=N3)c2)c1,0
CC(CC(O)C(COCc1cc(F)cc(F)c1)NC(=O)c1cc(C(=O)NC(C)c2ccccc2)cc(N(C)S(C)(=O)=O)c1)C(=O)NC(C(=O)NCc1ccc(F)cc1)C(C)C,0
CS(=O)(=O)N(c1ccccc1)c1cccc(C(=O)NC(Cc2ccccc2)C(O)C[NH2+]Cc2cccc(C(F)(F)F)c2)n1,0
CC(C)CNC(=O)C(CC(O)C1COCc2cccc(c2)C(c2ccccc2)NC(=O)c2cc(cc(N(C)S(C)(=O)=O)c2)C(=O)N1)C(C)C,0
CC(C)CNC(=O)[C@H](C)C[C@H](O)[C@H](CC(C)C)NC(=O)[C@H](Cc1ccc([N+](=O)[O-])cc1)NC(=O)/C=C/c1ccc(C(F)(F)F)cc1,0
COc1ccc(C(=O)N[C@@H](Cc2ccc([N+](=O)[O-])cc2)C(=O)N[C@@H](CC(C)C)[C@@H](O)C[C@@H](C)C(=O)NCC(C)C)cc1OC,0
CN1C(=O)[C@](c2ccncc2)(c2cccc(-c3cc(F)ccc3F)c2)N=C1N,0
COc1ccc2c(c1)C1(COC(N)=N1)c1cc(-c3ccncc3)ccc1O2,0
CCCCNC(=O)C(C)CC(O)C(CC(C)C)NC(=O)C(CCSC)NC(=O)C(C)NC(C)=O,0
CC(=O)NC(Cc1cc(F)cc(F)c1)C(O)C[NH2+]C1(c2cccc(C3COCCO3)c2)CC1,0
CS(=O)(=O)c1ccc(-c2ccccc2C2C[NH2+]CC2C(=O)N2CCOCC2c2ccccc2)cc1,0
O=C(C1C[NH2+]CC12CCCc1ccccc12)N1CCC(c2ccccc2)CC1,0
CC(C)Oc1cccc(C[NH+]2CCC3(CC2C)CN(c2ccncc2)S(=O)(=O)N3c2cccc(F)c2)c1,0
CC1(c2cccc(-c3cncc(F)c3)c2)N=C(N)C2CCCCN21,0
NC1=NC2(CCc3ccc(NC(=O)c4ccc(Cl)cn4)cc32)CS1,0
CN1C(=O)CC(C)(C2CC2c2cccc(CCc3ccccc3)c2)N=C1N,0
CC(=O)NC(Cc1cc(F)cc(F)c1)C(O)C[NH2+]C1(c2ccc(C(C)C)s2)CCCCC1,0
CC(=O)NC(C)(C)C1CCCC(C(=O)NC(Cc2ccccc2)C(O)C[NH2+]Cc2cccc(C(C)C)c2)C1,0
O=S1(=O)CC(Cc2ccc(O)c(Br)c2)C(O)C([NH2+]Cc2cc(Cl)cc(Cl)c2)C1,0
COc1cccc(-c2cccc(CCc3cc(=O)n(C)c(N)n3)c2)c1,0
CC(C)CNC(=O)[C@H](C)C[C@H](O)[C@H](CC(C)C)NC(=O)[C@H](Cc1ccc([N+](=O)[O-])cc1)NC(=O)c1ccc(Cl)cc1Cl,0
CC(C)c1ccnc(C[NH2+]C2CS(=O)(=O)CC(Cc3ccc(O)c(Br)c3)C2O)c1,0
C#Cc1csc(C2([NH2+]CC(O)C(Cc3cc(F)cc(F)c3)NC(C)=O)CCCCC2)c1,0
CC(=O)NC(Cc1cc(F)cc(F)c1)C(O)C[NH2+]C1(c2cc(C(C)(C)C)no2)CCCCC1,0
CS(=O)(=O)N(c1ccccc1)c1ccnc(C(=O)NC(Cc2ccccc2)C(O)C[NH2+]Cc2cccc(C(F)(F)F)c2)c1,0
CC(C)CNC(=O)[C@H](C)C[C@H](O)[C@H](CC(C)C)NC(=O)[C@H](Cc1ccccc1)NC(=O)c1cccc2ccccc12,0
CC(=O)NC(Cc1cc(F)cc(F)c1)C(O)C[NH2+]C1(c2cccc(C(C)(C)C)c2)CC[NH2+]CC1,0
COc1ccc2c(c1)C1(COC(N)=N1)c1cc(-c3ccccc3Cl)ccc1O2,0
CC(=O)NC(Cc1cc(F)cc(F)c1)C(O)C[NH2+]C1(c2ncc(C(C)(C)C)o2)CC1,0
Cc1cc2cc(c1)C(=O)N[C@H](c1ccccc1)C/C=C/COCC(C(O)C[NH2+]Cc1cccc(C(C)C)c1)NC2=O,0
CCCCNC(=O)NCc1ccc(CN2C(=N)NC(C)(CC3CCCCC3)C2=O)cc1,0
COc1ccc2c(c1)C1(COC(N)=N1)c1cc(-c3ccc(OC(F)(F)F)cc3)ccc1O2,0
Nc1cccc(Cn2c(-c3ccccc3)ccc2-c2ccccc2)n1,0
Cc1ccccc1-c1ccc2nc(N)c(CCC(=O)N(C)C3CCCCC3)cc2c1,0
CC(=O)NC(Cc1ccccc1)C(O)C[NH2+]C1CC2(CCC2)Oc2ncccc21,0
NC1=[NH+][C@](c2ccccc2)(c2cccc(Cc3ccccc3)c2)C2=NCCCN21,0
CC([NH2+]CC(O)C(Cc1ccccc1)NC(=O)c1cccc(N2CCCC2=O)c1)C(=O)NC1CCCCC1,0
CN(c1cc2cc(c1)C(=O)NC(C(O)C[NH2+]Cc1ccccc1)COCCCCCNC2=O)S(C)(=O)=O,0
Cc1ccc2c(c1)CC(C)(C)N=C2NC(Cc1ccccc1)C(=O)[O-],0
CC([NH2+]CC(O)C(Cc1ccccc1)NC(=O)c1cccc(NS(=O)(=O)Cc2ccccc2)c1)C(=O)NC1CCCCC1,0
COc1ccc(C(Cc2cc([N+](=O)[O-])ccc2OC)c2c[nH]c(N)n2)cc1,0
CC(NC(=O)c1cc(CNC(=O)C(C)([NH3+])Cc2ccccc2)cc(N(C)S(C)(=O)=O)c1)c1ccc(F)cc1,0
CC1(C)Cc2ccc(-c3cncc(F)c3)cc2C2(COC(N)=N2)C1,0
CC1CC2(CC[NH+]1Cc1ccc3[nH]ccc3c1)CN(C)S(=O)(=O)N2c1cccc(F)c1,0
CN1C(=O)CC(C)(C2CC2c2cccc(-c3cccs3)c2)N=C1N,0
CC(=O)NC(Cc1cc(F)cc(F)c1)C(O)C[NH2+]C1(c2cccc(C#N)c2)CCCCC1,0
Cc1cccc(Cc2cc(CC3CS(=O)(=O)CC([NH2+]Cc4cccc(C(C)C)c4)C3O)ccc2O)c1,0
CN1C(=O)C2(CC(C)(C)Oc3ccc(-c4ccncc4)cc32)N=C1N,0
CC([NH2+]CC(O)C(Cc1ccccc1)NC(=O)c1cccc(Nc2ccccc2)c1)C(=O)NC1CCCCC1,0
CC1(c2cccc(-c3cccc(Cl)c3)c2)N=C(N)CCO1,0
CC(=O)Nc1ccc(C[NH+]2CCC3(CC2C)CN(C)S(=O)(=O)N3c2cccc(F)c2)cc1,0
COC(COc1ccccc1)CC(O)C(COc1cc(F)cc(F)c1)NC(=O)c1cc(C(=O)NC(C)c2ccccc2)cc(N(C)S(C)(=O)=O)c1,0
CCCCN(C)C(=O)n1cc(C(=O)NC(Cc2ccccc2)C(O)C[NH2+]Cc2ccccc2OC)c2cccnc21,0
Cn1c(N)nc(CCc2cccc(-c3ccccc3)c2)cc1=O,0
CC(=O)NC(Cc1cc(F)cc(F)c1)C(O)C[NH2+]C1(c2ccc(Br)c(C(C)(C)C)c2)CCCCC1,0
CC(C)CNC(=O)[C@H](C)C[C@H](O)[C@H](CC(C)C)NC(=O)[C@H](Cc1ccccc1)NC(=O)c1ccccc1,0
COc1ccc2c(c1)C1(COC(N)=N1)c1cc(-c3ccccc3C)ccc1O2,0
Cc1cnc(C(=O)Nc2cccc(C3(C)N=C(N)CN(C)C3=O)c2)cn1,0
COc1ccc(Cc2cccc([C@@]3(c4ccccc4)[NH+]=C(N)N4CCCN=C43)c2)cc1,0
COc1ccc(-c2ccc3c(c2)C2(CC(C)(C)O3)N=C(N)N(C)C2=O)cc1,0
CC1(C)Cc2cc(Cl)ccc2C(NC(Cc2ccccc2)c2nc3ccccc3c(=O)[nH]2)=N1,0
COc1ccc(C2(c3cccc(-c4cccnc4)c3)COC(N)=N2)cc1,0
COc1ccccc1-c1cccc(C2CC2C2(C)CC(=O)N(C)C(N)=N2)c1,0
CN1C(=O)CC(C)(C2CC2c2cccc(-c3ccsc3)c2)N=C1N,0
CC(=O)NC(Cc1cc(F)cc(F)c1)C(O)C[NH2+]C1(c2cccc(-n3nccn3)c2)CCCCC1,0
COCCC(=O)Nc1cccc(C2(C3CCCCC3)N=C(N)N(C)C2=O)c1,0
CC([NH2+]CC(O)C(Cc1ccccc1)NC(=O)c1cccc(NS(=O)(=O)c2ccccc2)c1)C(=O)NC1CCCCC1,0
COc1cccc(-c2cccc(C3(C)N=C(N)CS3)c2)c1,0
COc1ccc(C2(c3cccc(-c4cncnc4)c3)CCC(N)=N2)cc1,0
CC(C)CNC(=O)[C@H](C)C[C@H](O)[C@H](CC(C)C)NC(=O)[C@H](Cc1ccccc1)NC(=O)c1ccc2c(c1)OCO2,0
CCC[C@@H]1C(C(=O)NOCc2ccccc2)=C(C)N(S(C)(=O)=O)C(C)=C1C(=O)N[C@@H](Cc1ccccc1)[C@H](O)C[NH2+]C1CC1,0
NC1=[NH+]C(c2ccccc2)(c2cccc(Cc3ccc(F)cc3)c2)C2=NCCCN21,0
COc1ccc(C2(c3cccc(-c4cnccc4F)c3)COC(N)=N2)cc1,0
CCCOc1cccc(-c2cccc(C3CC3C3(C)CC(=O)N(C)C(N)=N3)c2)c1,0
CN1C(=O)C2(CC(C)(C)Oc3ccc(N4CCCCC4)cc32)N=C1N,0
[NH2+]=C(NCc1cc(Cl)cc(Cl)c1)NC(=O)Cn1ccc2ccccc21,0
CC1(c2cccc(NC(=O)c3ccccn3)c2)CSC(N)=N1,0
CC1=C(C(=O)NOCc2ccccc2)[C@H](C)C(C(=O)N[C@@H](Cc2ccccc2)[C@H](O)C[NH2+]C2CC2)=C(C)N1CC(=O)OC(C)C,0
CN1C(=O)CC(C)(C2CC2c2cccc(-c3ccccc3)c2)N=C1N,0
CC(=O)NC(Cc1cc(F)cc(F)c1)C(O)C[NH2+]C1(c2nc(CC(C)(C)C)cs2)CC1,0
CC[C@H]1C(C(=O)NOCc2ccccc2)=C(C)N(S(C)(=O)=O)C(C)=C1C(=O)N[C@@H](Cc1ccccc1)[C@H](O)C[NH2+]C1CC1,0
CCOc1cccc(C[NH+]2CCC3(CNS(=O)(=O)N3c3cccc(F)c3)CC2C)c1,0
CC1(C)Cc2cc(Cl)ccc2C(NC(Cc2ccsc2Br)C(=O)[O-])=N1,0
CC(=O)NC(Cc1cc(F)cc(F)c1)C(O)C[NH2+]C1(c2cccc(C(C)(C)C)c2)CCC[NH2+]C1,0
CC(=O)NC(Cc1cc(F)cc(F)c1)C(O)C[NH2+]C1(c2cccc(C(C)(C)C)c2)CCC(CCO)CC1,0
COCc1cc2cc(c1)C(=O)NC(C(O)C[NH2+]C(c1cccc(C(C)(C)C)c1)C(F)(F)F)Cc1cccc(c1)OCCCCN2,0
COC(CO)CC(O)C(COc1cc(F)cc(F)c1)NC(=O)c1cc(C(=O)NC(C)c2ccccc2)cc(N(C)S(C)(=O)=O)c1,0
COCC(CC(O)C(COc1cc(F)cc(F)c1)NC(=O)c1cc(C(=O)NC(C)c2ccccc2)cc(N(C)S(C)(=O)=O)c1)OC,0
