smiles,measured log solubility in mols per litre
N#CC(OC1OC(COC2OC(CO)C(O)C(O)C2O)C(O)C(O)C1O)c1ccccc1,-0.769999981
Cc1occc1C(=O)Nc1ccccc1,-3.299999952
CC(C)=CCCC(C)=CC=O,-2.059999943
c1ccc2c(c1)ccc1c2ccc2c3ccccc3ccc21,-7.869999886
c1ccsc1,-1.330000043
c1ccc2scnc2c1,-1.5
Clc1cc(Cl)c(-c2c(Cl)cccc2Cl)c(Cl)c1,-7.320000172
CC12CCC3c4ccc(O)cc4CCC3C1CCC2O,-5.03000021
ClC1=C(Cl)C2(Cl)C3C4CC(C5OC45)C3C1(Cl)C2(Cl)Cl,-6.289999962
C=C(C)C1Cc2c(ccc3c2OC2COc4cc(OC)c(OC)cc4C2C3=O)O1,-4.420000076
O=C1CCCN1,1.070000052
Clc1ccc2ccccc2c1,-4.139999866
C=CCCC,-2.680000067
CCC1(c2ccccc2)C(=O)NCNC1=O,-2.640000105
CCCCCCCCCCCCCC,-7.960000038
CC(C)Cl,-1.409999967
CCC(C)CO,-0.469999999
N#Cc1ccccc1,-1
CCOP(=S)(OCC)Oc1cc(C)nc(C(C)C)n1,-3.640000105
CCCCCCCCCC(C)O,-2.940000057
Clc1ccc(-c2c(Cl)ccc(Cl)c2Cl)c(Cl)c1,-7.429999828
O=c1[nH]c2c(c(=O)n1C1CCCCC1)CCC2,-4.593999863
CCOP(=S)(OCC)SCSCC,-4.110000134
CCOc1ccc(NC(C)=O)cc1,-2.349999905
CCN(CC)c1c([N+](=O)[O-])cc(C(F)(F)F)c(N)c1[N+](=O)[O-],-5.46999979
CCCCCCCO,-1.809999943
Cn1c(=O)c2[nH]cnc2n(C)c1=O,-1.389999986
CCCCC1(CC)C(=O)NC(=O)NC1=O,-1.661000013
ClC(Cl)=C(c1ccc(Cl)cc1)c1ccc(Cl)cc1,-6.900000095
CCCCCCCC(=O)OC,-3.170000076
CCc1ccc(CC)cc1,-3.75
CCOP(=S)(OCC)SCSC(C)(C)C,-4.755000114
COC(=O)Nc1cccc(OC(=O)Nc2cccc(C)c2)c1,-4.804999828
C=C(Cl)Cl,-1.639999986
Cc1cccc2c1Cc1ccccc1-2,-5.21999979
CCCCC=O,-0.850000024
c1ccc(Nc2ccccc2)cc1,-3.503999949
CN(C)C(=O)SCCCCOc1ccccc1,-3.927000046
CCCOP(=S)(OCCC)SCC(=O)N1CCCCC1C,-4.150000095
CCCCCCCI,-4.809999943
Clc1cccc(-c2ccccc2)c1,-4.880000114
C=CCCCO,-0.150000006
O=C1NC(=O)C2(CCC2)C(=O)N1,-1.654999971
CC1CCC(C(C)C)C(O)C1,-2.529999971
CC(C)OC=O,-0.629999995
CCCCCC(C)O,-1.549999952
CC(=O)Nc1ccc(Br)cc1,-3.082999945
Nc1cnn(-c2ccccc2)c(=O)c1Br,-3.127000093
COC(=O)C1=C(C)NC(C)=C(C(=O)OC)C1c1ccccc1[N+](=O)[O-],-4.760000229
Cc1ccc2ccc(C)nc2c1,-1.940000057
C#CCCCCCC,-3.660000086
CCC1(C2=CCCCC2)C(=O)NC(=O)NC1=O,-2.170000076
c1ccc2c(c1)ccc1c3ccccc3ccc21,-8.05700016
CCC(C)n1c(=O)[nH]c(C)c(Br)c1=O,-2.523000002
Clc1cccc(-c2c(Cl)c(Cl)cc(Cl)c2Cl)c1Cl,-8.600000381
Cc1ccccc1O,-0.620000005
CC(C)CCC(C)(C)C,-5.050000191
Cc1ccc(C)c2ccccc12,-4.139999866
Cc1cc2c3ccccc3ccc2c2ccccc12,-6.570000172
CCCC(C)=O,-0.189999998
Clc1cc(Cl)c(Cl)c(-c2c(Cl)c(Cl)cc(Cl)c2Cl)c1Cl,-9.149999619
CCCOC(=O)CC,-0.819999993
CC12C=CC(=O)C=C1CCC1C3CC(O)C(O)(C(=O)CO)C3(C)CC(O)C12F,-3.680000067
Nc1ccc(O)cc1,-0.800000012
O=C(Cn1ccnc1[N+](=O)[O-])NCc1ccccc1,-2.809999943
O=C1C(O)=C(C2CCC(c3ccc(Cl)cc3)CC2)C(=O)c2ccccc21,-5.931000233
CCNc1nc(Cl)nc(N(CC)CC)n1,-4.059999943
NC(=O)c1cnccn1,-0.666999996
CCC(Br)(CC)C(=O)NC(N)=O,-2.680000067
Clc1ccccc1-c1ccccc1Cl,-5.269999981
O=C1CN(N=Cc2ccc([N+](=O)[O-])o2)C(=O)N1,-3.380000114
O=[N+]([O-])c1ccc(Oc2ccc(Cl)cc2Cl)cc1,-5.460000038
CC12CCC(CC1=O)C2(C)C,-1.960000038
C=CCC1(c2ccccc2)C(=O)NC(=O)NC1=O,-2.368999958
CCCCC(=O)OCC,-2.25
CC(=O)OCCC(C)C,-1.919999957
CCCCCC(=O)OCN1C(=O)NC(c2ccccc2)(c2ccccc2)C1=O,-5.886000156
Clc1cccc(-c2cc(Cl)ccc2Cl)c1,-6.010000229
CCCBr,-1.730000019
CCCC1COC(Cn2cncn2)(c2ccc(Cl)cc2Cl)O1,-3.493000031
COP(=S)(OC)SCC(=O)N(C)C=O,-1.995000005
Cc1ncnc2nccnc12,-0.465999991
NC(N)=S,0.319999993
Cc1ccc(C)cc1,-2.769999981
CCc1ccccc1CC,-3.279999971
ClC(Cl)(Cl)C(Cl)(Cl)Cl,-3.670000076
CC(C)C(C(=O)OC(C#N)c1cccc(Oc2ccccc2)c1)c1ccc(OC(F)F)cc1,-6.875999928
CCC[N+](=O)[O-],-0.800000012
CC1CCC(C(C)C)C(=O)C1,-2.349999905
CCN1c2cc(Cl)ccc2NC(=O)c2cccnc21,-5.360000134
O=[N+]([O-])c1cccc(Cl)c1Cl,-3.480000019
C=CCC1(C(C)CCC)C(=O)NC(=S)NC1=O,-3.460000038
c1ccc2c(c1)-c1cccc3cccc-2c13,-6
CCCOC(C)C,-1.340000033
Cc1cc(C)c2ccccc2c1,-4.289999962
CCC(=C(CC)c1ccc(O)cc1)c1ccc(O)cc1,-4.070000172
N#Cc1c(Cl)c(Cl)c(Cl)c(C#N)c1Cl,-5.639999866
Clc1ccc(Cl)c(-c2ccc(Cl)c(Cl)c2)c1,-7.25
c1ccc(C2CO2)cc1,-1.600000024
CC(C)c1ccccc1,-3.269999981
CC12CCC(=O)C=C1CCC1C2CCC2(C)C(C(=O)CO)CCC12,-3.450000048
Clc1c(Cl)c(Cl)c2nccnc2c1Cl,-5.429999828
OC1COC(O)C(O)C1O,0.389999986
ClCCl,-0.629999995
CCc1cccc2ccccc12,-4.170000076
COC=O,0.579999983
O=[N+]([O-])c1ccccc1O,-1.74000001
Cc1c[nH]c(=O)[nH]c1=O,-1.506000042
CC(C)C,-2.549999952
OCC1OC(n2cnc3c(O)ncnc32)C(O)C1O,-1.230000019
N#Cc1cc(I)c(O)c(I)c1,-3.609999895
O=C(Nc1ccc([N+](=O)[O-])cc1Cl)c1cc(Cl)ccc1O,-4.699999809
CCCCC,-3.180000067
Oc1ccccc1,0
Nc1ccc2cc3ccccc3cc2c1,-5.170000076
Cn1cnc2c1c(=O)[nH]c(=O)n2C,-2.523000002
c1ccc2cnccc2c1,-1.450000048
COP(=S)(OC)SCC(=O)N(c1ccc(Cl)cc1)C(C)C,-4.43200016
CCCCCCc1ccccc1,-5.210000038
Clc1ccccc1-c1ccccc1,-4.539999962
C=C(C)CCC,-3.029999971
CC(C)C(C)C(C)C,-4.800000191
Clc1cc(Cl)c(Cl)c(Cl)c1Cl,-5.650000095
O=[N+]([O-])c1cccc(O)c1,-1.00999999
C=CCCCCCCCC,-5.510000229
CC(=O)OCC(COC(C)=O)OC(C)=O,-0.600000024
CCCCc1c(C)nc(N(C)C)nc1O,-2.24000001
CC1(C)C(C=C(Cl)Cl)C1C(=O)OC(C#N)c1ccc(F)c(Oc2ccccc2)c1,-7.336999893
c1ccncc1,0.75999999
CCCCCCCBr,-4.429999828
Cc1ccncc1C,0.360000014
CC12CCC(=O)C=C1CCC1C3CCC(O)(C(=O)CO)C3(C)CC(O)C12F,-3.430000067
CCSCc1ccccc1OC(=O)NC,-2.089999914
CCOC(=O)CC(=O)OCC,-0.819999993
C=C(C)C1CC=C(C)CC1,-4.260000229
c1ccc2c(c1)CCC2,-3.039999962
CC(C)(C)c1ccc(O)cc1,-2.410000086
O=C1NC(=O)C2(CC2)C(=O)N1,-1.886000037
Clc1cccc(I)c1,-3.549999952
Brc1cccc2ccccc12,-4.349999905
C/C=C/CC,-2.539999962
Cc1cccc(C)n1,0.449999988
ClC=C(Cl)Cl,-1.960000038
Nc1cccc2ccccc12,-1.919999957
Cc1cccc(C)c1,-2.819999933
Oc1ncc2nccnc2n1,-1.947000027
CO,1.570000052
CCC1(CCC(C)C)C(=O)NC(=O)NC1=O,-2.467999935
CCC(C)=O,0.519999981
O=c1[nH]cc(F)c(=O)[nH]1,-1.077000022
Nc1ncnc2c1ccn2C1OC(CO)C(O)C1O,-1.950000048
Oc1cccc(O)c1,0.810000002
CCCCCCO,-1.24000001
CCCCCCl,-2.730000019
C=CC=C,-1.870000005
CCCOC(C)=O,-0.720000029
Oc1ccc2c(c1)CCCC2,-1.99000001
NC(=O)CCl,-0.02
COP(=S)(OC)Oc1cc(Cl)c(I)cc1Cl,-6.619999886
Cc1ccc(Cl)cc1,-3.079999924
Cc1ccc(OP(=O)(Oc2cccc(C)c2)Oc2ccccc2C)cc1,-6.010000229
CCCCCC=O,-1.299999952
CCCCOC(=O)c1ccc(N)cc1,-3.082000017
Cc1ccc2c(c1)Oc1ncc(N)cc1C(=O)N2C,-3.042999983
CC(C)=CCC/C(C)=C\CO,-2.460000038
Clc1ccc(-c2ccccc2Cl)cc1,-5.28000021
CCCCCCCC(=O)OCN1C(=O)NC(c2ccccc2)(c2ccccc2)C1=O,-6.522999763
CC[N+](=O)[O-],-0.219999999
C=C(C)CN(CC)c1c([N+](=O)[O-])cc(C(F)(F)F)cc1[N+](=O)[O-],-6.124000072
Clc1ccc(Cl)c(Cl)c1Cl,-4.570000172
CCCC(C)(COC(N)=O)COC(N)=O,-1.807000041
CC(=O)C1CCC2C3CC=C4CC(O)CCC4(C)C3CCC12C,-4.650000095
CI,-1
CC1CC(C)C(=O)C(C(O)CC2CC(=O)NC(=O)C2)C1,-1.129999995
CCCCCCC(=O)OCN1C(=O)NC(c2ccccc2)(c2ccccc2)C1=O,-6.301000118
CC1=CC(=O)CC(C)(C)C1,-1.059999943
CCC(C)C1(CC)C(=O)NC(=O)NC1=O,-2.390000105
CCCCC(=O)CCCC,-2.579999924
CCC1(c2ccccc2)CCC(=O)NC1=O,-2.336999893
CCC(C)CC,-3.680000067
CCOc1ccc(C(C)(C)COCc2cccc(Oc3ccccc3)c2)cc1,-8.600000381
Cc1ccccc1-n1c(C)nc2ccccc2c1=O,-2.924999952
N#CCCl,-0.092
CCOP(=S)(CC)Oc1cc(Cl)c(Cl)cc1Cl,-5.751999855
C#CC1(O)CCC2C3CCC4=CC(=O)CCC4(C)C3CCC21C,-5.659999847
c1ccnnc1,1.100000024
Clc1cc(Cl)c(Cl)c(Cl)c1,-4.630000114
CC1COC2CC3(C)C(CC4C5C=C6CC(O)CCC6(C)CC5CCC43C)OC2C1,-7.320000172
Nc1ccccc1O,-0.720000029
CCCCCCCCC(=O)OCC,-3.799999952
COCC(=O)N(c1c(C)cccc1C)C(C)C(=O)OC,-1.600999951
CNC(=O)Oc1ccccc1OC(C)C,-2.049999952
CCC(C)Cl,-1.960000038
Oc1ccc2ccccc2c1,-2.279999971
CC(C)Oc1cc(-n2nc(C(C)(C)C)oc2=O)c(Cl)cc1Cl,-5.696000099
C#CCCCC,-2.359999895
C#CCCCCCCC,-4.239999771
Cc1ccccc1Cl,-3.519999981
CC(C)OC(C)C,-1.100000024
Nc1ccc(S(=O)(=O)c2ccc(N)cc2)cc1,-3.094000101
CNN,1.340000033
C#CC,-0.409999996
CCOP(=S)(OCC)ON=C(C#N)c1ccccc1,-4.861999989
CCNP(=S)(OC)OC(C)=CC(=O)OC(C)C,-3.407999992
C=CC=O,0.569999993
O=c1[nH]cnc2nc[nH]c12,-2.296000004
Oc1ccc2ncccc2c1,-2.160000086
Fc1ccccc1,-1.799999952
CCCCl,-1.470000029
CCOC(C)=O,-0.039999999
CCCC(C)(C)C,-4.360000134
Cc1cc(C)c(C)c(C)c1C,-4
CC12CCC(CC1)C(C)(C)O2,-1.639999986
CCCCOC(=O)CCCCCCCCC(=O)OCCCC,-3.895999908
Clc1ccc(-c2ccc(Cl)cc2)cc1,-6.559999943
Cc1cccnc1C,0.379999995
C=C(C)C1CC=C(C)C(=O)C1,-2.059999943
COc1cc(C2c3cc4c(cc3C(OC3OC5COC(C)OC5C(O)C3O)C3COC(=O)C23)OCO4)cc(OC)c1O,-3.571000099
c1cc2cccc3c4cccc5cccc(c(c1)c23)c54,-8.803999901
Cc1ccc([N+](=O)[O-])cc1[N+](=O)[O-],-2.819999933
Brc1ccc2ccccc2c1,-4.400000095
CNC(=O)Oc1cccc(N=CN(C)C)c1,-2.339999914
COc1cnc2ncncc2n1,-1.139000058
Cc1ccnc2c1NC(=O)c1cccnc1N2C1CC1,-3.190000057
CCOP(=S)(OCC)Oc1nc(Cl)n(C(C)C)n1,-3.657999992
C=CC(=C)C,-2.029999971
C=CC(C)(O)CCC=C(C)C,-1.99000001
COP(=S)(OC)Oc1ccc(SC)c(C)c1,-4.570000172
OC1CCCCC1,-0.439999998
C=CCC1(C)C(=O)NC(=O)NC1=O,-1.159999967
CC12CCC3C(CCC4CC(O)CCC43C)C1CCC2=O,-4.159999847
OCC(O)C(O)C(O)C(O)CO,0.059999999
Cc1ccc(-c2ccccc2)cc1,-4.619999886
CCNc1nc(Cl)nc(NC(C)C)n1,-3.849999905
NC(=S)Nc1ccccc1,-1.769999981
CCCC(=O)CCC,-1.299999952
CC(=O)C(C)(C)C,-0.720000029
Oc1ccc(Cl)cc1,-0.699999988
O=C1CCCCC1,-0.600000024
Cc1cccc(N)c1,-0.850000024
N#CC(Cl)(Cl)Cl,-2.167999983
CNc1cnn(-c2cccc(C(F)(F)F)c2)c(=O)c1Cl,-4.046000004
CCCCCCCCC(C)=O,-3.299999952
CCN(CC)c1nc(Cl)nc(NC(C)C)n1,-3.785000086
CCOC(=O)c1ccc(N)cc1,-2.615999937
Clc1ccc(Cl)c(Cl)c1,-3.589999914
Cc1nnc2n1-c1ccc(Cl)cc1C(c1ccccc1Cl)=NC2,-4.090000153
Oc1ccccc1O,0.620000005
CCN1c2ncccc2C(=O)N(C)c2cccnc21,-2.619999886
CSC,-0.449999988
Cc1ccccc1Br,-2.230000019
CCOC(N)=O,0.850000024
CC(=O)OC1(C(C)=O)CCC2C3C=C(C)C4=CC(=O)CCC4(C)C3CCC21C,-5.349999905
CC(C)C(O)C(C)C,-1.220000029
c1ccc2ccccc2c1,-3.599999905
CCNc1ccccc1,-1.700000048
O=C1NC(=O)C(c2ccccc2)(c2ccccc2)N1,-4.097000122
Cc1c2ccccc2c(C)c2c1ccc1ccccc12,-7.019999981
CCOP(=S)(OCC)SC(CCl)N1C(=O)c2ccccc2C1=O,-6.340000153
COc1ccc(C(c2ccc(OC)cc2)C(Cl)(Cl)Cl)cc1,-6.889999866
O=C(NC(=O)c1c(F)cccc1F)Nc1cc(Cl)c(F)c(Cl)c1F,-7.28000021
CCCCC(=O)OCN1C(=O)NC(c2ccccc2)(c2ccccc2)C1=O,-4.677999973
CN(C)C(=O)Nc1ccc(Cl)cc1,-2.890000105
OC(Cn1cncn1)(c1ccc(F)cc1)c1ccccc1F,-3.369999886
CC(=O)OCC(=O)C1(O)C(OC(C)=O)CC2C3CCC4=CC(=O)C=CC4(C)C3(F)C(O)CC21C,-4.130000114
CCCCBr,-2.369999886
Brc1cc(Br)c(Br)cc1Br,-6.980000019
CC(=O)CC(C)C,-0.74000001
CCSC(=O)N(CC)C1CCCCC1,-3.400000095
COc1ccc(Cl)cc1,-2.779999971
CC1(C)C(C=C(Br)Br)C1C(=O)OC(C#N)c1cccc(Oc2ccccc2)c1,-8.402000427
C=CCC1(C(C)CC)C(=O)NC(=O)NC1=O,-2.016000032
COP(=S)(OC)Oc1ccc([N+](=O)[O-])c(C)c1,-4.039999962
Ic1cccc2ccccc12,-4.550000191
OCC(O)C(O)C(O)C(O)CO,1.090000033
CCS,-0.600000024
ClCC(Cl)Cl,-1.480000019
Cc1cc(OC(=O)N(C)C)n(-c2ccccc2)n1,-2.089999914
NC(=O)c1ccccc1O,-1.820000052
Cc1ccccc1[N+](=O)[O-],-2.329999924
CC(C)C1(C(C)C)C(=O)NC(=O)NC1=O,-2.766000032
CCc1ccccc1C,-3.210000038
CCCCCCCCl,-4
CCC1(CC)C(=O)NC(=O)NC1=O,-2.400000095
c1ccc(CCc2ccccc2)cc1,-4.619999886
ClC(Cl)C(Cl)Cl,-1.74000001
CCN1c2cc(OC)cc(C)c2NC(=O)c2cccnc21,-5.152999878
Cc1ccc2c(ccc3ccccc32)c1,-5.840000153
CCCCOC(=O)c1ccccc1C(=O)OCCCC,-4.400000095
COc1c(O)c(Cl)c(Cl)c(Cl)c1Cl,-4.019999981
CCN(CC)C(=O)C(Cl)=CCOP(=O)(OC)OC,0.523000002
CC12CCC3C(=CCc4cc(O)ccc43)C1CCC2=O,-5.282000065
CCOC(=O)c1ccccc1S(=O)(=O)NN(C=O)c1nc(Cl)cc(OC)n1,-4.576000214
COc1ccc([N+](=O)[O-])cc1,-2.410000086
CCCCCCCl,-3.119999886
Clc1cc(-c2cc(Cl)c(Cl)c(Cl)c2Cl)c(Cl)c(Cl)c1Cl,-9.159999847
OCC1OC(OCC2OC(OC3(CO)OC(CO)C(O)C3O)C(O)C(O)C2O)C(O)C(O)C1O,-0.409999996
CCCCCCCCCCCCCCCCCCCCCCCCCC,-8.333999634
CCN1c2ccccc2N(C)C(=O)c2cccnc21,-3.323999882
CC(Cl)Cl,-1.289999962
Nc1ccc(S(N)(=O)=O)cc1,-1.340000033
CCCN(CCC)c1c([N+](=O)[O-])cc(C(C)C)cc1[N+](=O)[O-],-6.489999771
ClC1C(Cl)C(Cl)C(Cl)C(Cl)C1Cl,-4.639999866
CCOP(=S)(NC(C)C)Oc1ccccc1C(=O)OC(C)C,-4.193999767
Clc1cccc(Cl)c1Cl,-4
ClC(Cl)(Cl)Cl,-2.309999943
O=[N+]([O-])c1ccc(Cl)c(Cl)c1,-3.200000048
OC1CCCCCCC1,-1.289999962
CC12CCC(=O)C=C1CCC1C2CCC2(C)C1CCC2(C)O,-3.999000072
CCOc1ccc(NC(N)=O)cc1,-2.170000076
CC1CCC(C)CC1,-4.46999979
c1cnc2c(c1)ccc1ncccc12,-2.680000067
COC(C)(C)C,-0.239999995
CC=Cc1ccc(OC)cc1,-3.130000114
CCCCCCCCCCCCCCCCO,-7
O=c1cc[nH]c(=O)[nH]1,-1.488000035
Nc1ncnc2nc[nH]c12,-2.119999886
Clc1cc(Cl)c(-c2cccc(Cl)c2Cl)cc1Cl,-7.210000038
COc1ccc(C(O)(c2cncnc2)C2CC2)cc1,-2.595999956
c1ccc2c(c1)-c1cccc3c1c-2cc1ccccc13,-8.229999542
O=C(Nc1ccccc1)Nc1ccccc1,-3.150000095
CCC1(c2ccccc2)C(=O)NC(=O)NC1=O,-2.322000027
Clc1ccc(-c2cccc(Cl)c2Cl)cc1,-6.289999962
CC(C)c1ccc(NC(=O)N(C)C)cc1,-3.536000013
CCC(C)(C)CO,-1.039999962
CCCOC(=O)CCC,-1.75
Cc1c([N+](=O)[O-])cc([N+](=O)[O-])cc1[N+](=O)[O-],-3.220000029
CC(C)OP(=S)(OC(C)C)SCCNS(=O)(=O)c1ccccc1,-4.199999809
C1CCCCCC1,-3.50999999
CCCOC=O,-0.49000001
Cc1ccccc1C(C)C,-3.75999999
Nc1cccc(Cl)c1,-1.370000005
CC(C)CC(C)C,-4.260000229
c1ccc2c(c1)oc1ccccc12,-4.599999905
CCOC1Oc2ccc(OS(C)(=O)=O)cc2C1(C)C,-3.420000076
CN(C)C(=O)Nc1cccc(C(F)(F)F)c1,-3.430000067
c1ccc2nc3ccccc3cc2c1,-3.670000076
CC12CCC(=O)C=C1CCC1C2C(=O)CC2(C)C1CCC2(O)C(=O)CO,-3.109999895
OCC1OC(O)C(O)C(O)C1O,0.74000001
Cc1cccc(O)c1,-0.680000007
CC1Cc2ccccc2N1NC(=O)c1ccc(Cl)c(S(N)(=O)=O)c1,-3.585999966
CCC(C)C(=O)OC1CC(C)C=C2C=CC(C)C(CCC3CC(O)CC(=O)O3)C21,-6.005000114
O=[N+]([O-])c1ccc([N+](=O)[O-])cc1,-3.390000105
CCC1(C2=CCC3CCC2C3)C(=O)NC(=O)NC1=O,-2.696000099
CCCCCCCCCC(=O)OCC,-4.099999905
CN(C)C(=O)Nc1ccccc1,-1.600000024
CCCOCC,-0.660000026
CC(C)O,0.430000007
Cc1ccc2ccccc2c1,-3.769999981
ClC(Br)Br,-1.899999976
CCC(c1ccc(O)cc1)C(CC)c1ccc(O)cc1,-4.429999828
CCOC(=O)CC(SP(=S)(OC)OC)C(=O)OCC,-3.369999886
ClCc1ccccc1,-2.390000105
C/C=C/C=O,0.319999993
CON(C)C(=O)Nc1ccc(Br)c(Cl)c1,-3.924000025
Cc1c2ccccc2c(C)c2ccccc12,-6.570000172
CCCCCC(=O)OC,-1.870000005
CN(C)C(=O)Nc1ccc(-n2nc(C(C)(C)C)oc2=O)c(Cl)c1,-4.328000069
CC(=O)Nc1ccc(F)cc1,-1.779999971
CCc1cccc(CC)c1N(COC)C(=O)CCl,-3.25999999
C1=CCCCC1,-2.589999914
CC12CCC(=O)C=C1CCC1C2C(O)CC2(C)C1CCC2(O)C(=O)CO,-3.089999914
c1cncnc1,1.100000024
O=[N+]([O-])c1ccc(Cl)cc1,-2.920000076
CCC(=O)OC,-0.140000001
O=[N+]([O-])c1ccccc1Cl,-2.549999952
CCCCN(C)C(=O)Nc1ccc(Cl)c(Cl)c1,-4.769999981
CN1CC(O)N(c2nnc(C(C)(C)C)s2)C1=O,-1.876999974
O=[N+]([O-])c1ccccc1,-1.799999952
Ic1ccccc1,-3.00999999
Cc1ccccc1N1C(=O)c2cc(S(N)(=O)=O)c(Cl)cc2NC1C,-3.779999971
COc1ccccc1OCC(O)COC(N)=O,-0.985000014
CCCCOCN(C(=O)CCl)c1c(CC)cccc1CC,-4.190000057
Oc1cccc(Cl)c1Cl,-1.299999952
CCCC(=O)OC,-1.919999957
CCC(=O)Nc1ccc(Cl)c(Cl)c1,-3
Nc1nc(N)c2nc(-c3ccccc3)c(N)nc2n1,-2.404000044
CCCCCC(=O)OCC,-2.349999905
OCC(O)C1OC2OC(C(Cl)(Cl)Cl)OC2C1O,-1.840000033
Cc1ccc(N=CN(C)C=Nc2ccc(C)cc2C)c(C)c1,-5.46999979
COc1nc(NC(C)C)nc(NC(C)C)n1,-2.477999926
C=CCCCCCC,-4.440000057
Cc1ccc(N)cc1,-1.210000038
Nc1nccs1,-0.360000014
CNC(=O)Oc1ccccc1,-1.802999973
CCCC(O)CC,-0.800000012
Oc1c2ccccc2cc2ccccc12,-4.730000019
Cc1ccc2cc3ccccc3cc2c1,-6.960000038
Cc1cccc(C)c1C,-3.200000048
CNC(=O)Oc1ccc(N(C)C)c(C)c1,-2.359999895
CCCCCCCC(C)O,-2.74000001
CN(C(=O)NC(C)(C)c1ccccc1)c1ccccc1,-3.349999905
CCCC(=O)CC,-0.829999983
N#Cc1cc(Br)c(O)c(Br)c1,-3.329999924
Clc1ccc(-c2ccccc2)cc1Cl,-6.389999866
CN(C(=O)COc1nc2ccccc2s1)c1ccccc1,-4.873000145
Oc1cccc2ncccc12,-2.539999962
CC1=C(C(=O)Nc2ccccc2)SCCO1,-3.140000105
CCOc1ccc2nc(S(N)(=O)=O)sc2c1,-3.809999943
Oc1c(Cl)c(Cl)c(Cl)c(Cl)c1Cl,-4.28000021
ClCBr,-0.889999986
CCC1(CC)C(=O)NC(=O)N(C)C1=O,-2.230000019
CC(=O)OCC(=O)C1CCC2C3CCC4=CC(=O)CCC4(C)C3CCC12C,-4.630000114
NC(=O)NCc1ccccc1,-0.949999988
Cc1ccc(NC(=O)N(C)C)cc1Cl,-3.48300004
CON(C)C(=O)Nc1ccc(Cl)c(Cl)c1,-3.592000008
OC1CCCCCC1,-0.879999995
CS(=O)(=O)c1ccc(C(O)C(CO)NC(=O)C(Cl)Cl)cc1,-2.154000044
CCCC(C)C1(CC)C(=O)NC(=S)NC1=O,-3.359999895
CC(=O)Nc1nnc(S(N)(=O)=O)s1,-2.359999895
O=[N+]([O-])c1ccc(O)cc1,-0.74000001
ClC1=C(Cl)C2(Cl)C3C4C=CC(C4)C3C1(Cl)C2(Cl)Cl,-6.30700016
C1CCOC1,0.49000001
Nc1ccccc1[N+](=O)[O-],-1.960000038
Clc1cccc(-c2cccc(Cl)c2Cl)c1Cl,-7.28000021
CCCCC1C(=O)N(c2ccccc2)N(c2ccccc2)C1=O,-3.809999943
Cc1c([N+](=O)[O-])cccc1[N+](=O)[O-],-3
CC(=O)C1CCC2C3CCC4=CC(=O)CCC4(C)C3CCC12C,-4.420000076
CCN(CC)c1nc(Cl)nc(N(CC)CC)n1,-4.410999775
O=C1C2CC=CCC2C(=O)N1SC(Cl)(Cl)C(Cl)Cl,-5.400000095
Brc1ccc(Br)c(Br)c1,-4.5
O=C1Nc2ccc(Cl)cc2C(c2ccccc2)=NC1O,-3.951999903
C=CCC1(C(C)CCC)C(=O)NC(=O)NC1=O,-2.355999947
Cc1ccc(C(C)C)cc1O,-2.079999924
O=C1CSC(=S)N1,-1.769999981
O=c1c(O)c(-c2ccc(O)cc2O)oc2cc(O)cc(O)c12,-3.082999945
O=C1C2(Cl)C3(Cl)C4(Cl)C(Cl)(Cl)C5(Cl)C3(Cl)C1(Cl)C5(Cl)C24Cl,-5.258999825
CCN(CC)C(=S)SSC(=S)N(CC)CC,-4.860000134
C1CCCCC1,-3.099999905
ClC1=C(Cl)C(Cl)(C2(Cl)C(Cl)=C(Cl)C(Cl)=C2Cl)C(Cl)=C1Cl,-7.277999878
Cc1cc(Cl)ccc1N=CN(C)C,-2.859999895
CC12CCc3c(ccc4cc(O)ccc34)C1CCC2=O,-5.239999771
CCCCCCCCO,-2.390000105
CCSCC,-1.340000033
ClCCCl,-1.059999943
CCC(C)(C)Cl,-2.50999999
ClCCBr,-1.320000052
Nc1ccc([N+](=O)[O-])cc1,-2.369999886
OCC1OC(OC2C(CO)OC(O)C(O)C2O)C(O)C(O)C1O,-0.244000003
CCN1C(=O)c2cccnc2N(CC)c2ncccc21,-2.859999895
Clc1ccccc1,-2.380000114
C=CCCCCCCC,-5.050000191
Brc1ccc(I)cc1,-4.559999943
CCC(C)(O)CC,-0.360000014
CCCCCc1ccccc1,-4.639999866
NC(=O)NC1NC(=O)NC1=O,-1.600000024
O=C(OCC(O)CO)c1ccccc1Nc1ccnc2cc(Cl)ccc12,-4.571000099
Clc1ccc(C(c2ccc(Cl)cc2)C(Cl)Cl)cc1,-7.199999809
CC(=O)OC1CCC2C3CCC4=CC(=O)CCC4(C)C3CCC12C,-5.184000015
Clc1cccc2ccccc12,-3.930000067
CCN1c2ccccc2C(=O)N(C)c2ccccc21,-4.749000072
CCCCC(C)O,-0.889999986
CCCC1CCCC1,-4.739999771
CCOC(=O)c1cncn1C(C)c1ccccc1,-4.735000134
Oc1ccc(Cl)c(Cl)c1,-1.25
CC1(C)C(C=C(Cl)Cl)C1C(=O)OC(C#N)c1cccc(Oc2ccccc2)c1,-8.017000198
c1ccc2ocnc2c1,-1.159999967
CCCCCO,-0.600000024
CCN(CC)c1ccccc1,-3.029999971
Fc1cccc(F)c1,-2
N#CCCCl,-0.289999992
CC(C)(C)Cc1ccccc1,-4.150000095
CCC1(c2ccccc2)C(=O)NC(=O)NC1=O,-2.322000027
Clc1ccccc1I,-3.539999962
c1ccc2[nH]nnc2c1,-0.779999971
CNC(=O)Oc1cccc2c1OC(C)(C)C2,-2.799999952
Cc1cccc(C)c1O,-1.289999962
CC(C)C(C)O,-0.180000007
OC(c1ccccc1)c1ccccc1,-2.549999952
CCCCCCCCCC(=O)OC,-4.690000057
COP(=S)(OC)Oc1ccc([N+](=O)[O-])cc1Cl,-4.309999943
CC(C)CBr,-2.430000067
CCI,-1.600000024
Cc1nc(N(C)C)nc(OC(=O)N(C)C)c1C,-1.950000048
CCCCCCBr,-3.809999943
CCCC(C)C,-3.74000001
Cc1c(F)c(F)c(COC(=O)C2C(C=C(Cl)C(F)(F)F)C2(C)C)c(F)c1F,-7.321000099
CCc1cccc(C)c1N(C(=O)CCl)C(C)COC,-2.730000019
O=[N+]([O-])c1ccc(C=NO)o1,-2.190000057
CC(C)C(Nc1ccc(C(F)(F)F)cc1Cl)C(=O)OC(C#N)c1cccc(Oc2ccccc2)c1,-8.003000259
Nc1nc[nH]n1,0.522000015
BrC(Br)Br,-1.909999967
COP(=O)(OC)C(O)C(Cl)(Cl)Cl,-0.219999999
CCOP(=S)(OCC)SCn1c(=O)oc2cc(Cl)ccc21,-5.232999802
OCc1ccccc1,-0.400000006
O=c1oc2ccccc2c(O)c1C1CCCc2ccccc21,-2.839999914
Oc1ccc(Br)cc1,-1.090000033
CC(C)Br,-1.590000033
CC(C)CC(C)(C)C,-4.739999771
O=[N+]([O-])c1cc([N+](=O)[O-])cc([N+](=O)[O-])c1,-2.890000105
CN1C(=O)CN=C(c2ccccc2)c2cc([N+](=O)[O-])ccc21,-3.796000004
CCC,-1.940000057
Nc1cc(N2CCCCC2)nc(N)[n+]1[O-],-1.988999963
Nc1cccc2nc3ccccc3cc12,-4.21999979
c1ccc2cc3c(cc2c1)-c1cccc2cccc-3c12,-8.489999771
OC(c1ccc(Cl)cc1)(c1ccc(Cl)cc1)C(Cl)(Cl)Cl,-5.665999889
c1cc2c3c(cccc3c1)CC2,-4.630000114
CCOP(=S)(OCC)SC(CCl)N1C(=O)c2ccccc2C1=O,-6.340000153
Brc1ccc(Br)cc1,-4.070000172
Cn1c(=O)on(-c2ccc(Cl)c(Cl)c2)c1=O,-2.819999933
Oc1ccc(-c2ccccc2)cc1,-3.480000019
CC1=C(C(=O)Nc2ccccc2)CCCO1,-2.559999943
C=COCC,-0.850000024
C#CCC,-1.24000001
COc1ncnc2nccnc12,-1.110000014
CCCCC(C)(O)CC,-1.600000024
Clc1ccc(Cl)cc1,-3.269999981
CC(=O)OCN1C(=O)NC(c2ccccc2)(c2ccccc2)C1=O,-4.46999979
CSCS(=O)CC(CO)NC(=O)C=Cc1c(C)[nH]c(=O)[nH]c1=O,-1.980999947
Cc1c[nH]c2ccccc12,-2.420000076
COc1ncc2nccnc2n1,-1.110000014
CNC(=O)Oc1ccccc1C1OCCO1,-1.570000052
CC(C)CNC(=O)N1CCNC1=O,-2.150000095
CC#N,0.25999999
CCOC(=O)NCCOc1ccc(Oc2ccccc2)cc1,-4.699999809
CC(=O)N(c1onc(C)c1C)S(=O)c1ccc(N)cc1,-3.589999914
ClCC(Cl)(Cl)Cl,-2.180000067
CCCCO,0
CC1CCCCC1NC(=O)Nc1ccccc1,-4.110000134
Clc1cc(Cl)cc(Cl)c1,-4.480000019
O=Cc1ccco1,-0.100000001
CC(C)CCO,-0.50999999
O=Cc1ccc2c(c1)OCO2,-1.629999995
C=C(C)C,-2.329999924
O=Cc1ccccc1,-1.190000057
C=C(C)C(=C)C,-2.400000095
CCOC(=O)CCN(SN(C)C(=O)Oc1cccc2c1OC(C)(C)C2)C(C)C,-4.710000038
CN1C(=O)c2cccnc2Oc2ccccc21,-3.671999931
c1ccc2c(c1)Cc1ccccc1-2,-5
CC1CCCCC1,-3.849999905
N=C(N)NS(=O)(=O)c1ccc(N)cc1,-1.99000001
COC(=O)c1ccc(O)cc1,-1.827000022
CC1CCCO1,0.109999999
CC1=C2C3OC(=O)C(C)C3CCC2(C)C=CC1=O,-3.089999914
OCc1ccccc1OC1OC(CO)C(O)C(O)C1O,-0.850000024
CCCI,-2.289999962
CCNc1nc(NC(C)C)nc(SC)n1,-3.039999962
CCCO,0.620000005
CC(=O)C1(O)CCC2C3CCC4=CC(=O)CCC4(C)C3CCC21C,-3.816999912
CCCC(C)O,-0.289999992
O=C(c1ccccc1)C(O)c1ccccc1,-2.849999905
Cc1ccc(O)c(C)c1,-1.190000057
O=[N+]([O-])c1cccc(Cl)c1,-2.769999981
Cc1c(N)c(=O)n(-c2ccccc2)n1C,-0.624000013
Clc1ccc(-c2cc(Cl)ccc2Cl)c(Cl)c1,-6.570000172
ClC(Cl)=C(Cl)C(Cl)=C(Cl)Cl,-4.920000076
CCNc1nc(NC(C)(C)C)nc(SC)n1,-4
CCC(C)CCO,-0.709999979
Cc1ncc2nccnc2n1,-0.119999997
C#CC1(O)CCC2C3CCC4=Cc5oncc5CC4(C)C3CCC21C,-5.506999969
CCCCI,-2.960000038
Brc1ccc2ccccc2c1,-4.400000095
CC1OC(OC2C(O)CC(OC3C(O)CC(OC4CCC5(C)C(CCC6C5CC(O)C5(C)C(C7=CC(=O)OC7)CCC65O)C4)OC3C)OC2C)CC(O)C1O,-4.080999851
FC(F)(F)c1ccccc1,-2.50999999
CCCCCCOC(=O)c1ccccc1C(=O)OCCCCCC,-6.144000053
c1ccc2c(c1)sc1ccccc12,-4.380000114
Clc1ccc(-c2ccc(Cl)c(Cl)c2Cl)c(Cl)c1,-7.800000191
Clc1ccc(-c2ccc(Cl)c(Cl)c2Cl)c(Cl)c1Cl,-8.010000229
CC(=O)CC(c1ccccc1)c1c(O)c2ccccc2oc1=O,-3.892999887
OC(c1ccccc1)C(O)c1ccccc1,-1.929999948
COC(=O)c1ccccc1C(=O)OC,-1.659999967
CCCCCCCC(=O)OCC,-3.390000105
CCSSCC,-2.420000076
CCOCCOCC,-0.769999981
Clc1cc(Cl)c(Cl)cc1Cl,-5.559999943
Nc1ccc(-c2ccc(N)cc2)cc1,-2.700000048
C=CCCCCC,-3.730000019
CCCCc1c(C)nc(NCC)[nH]c1=O,-3.028000116
CCCC(C)C1(CC)C(=O)NC(=O)NC1=O,-2.390000105
Nc1ccccc1Cl,-1.519999981
COc1cccc(Cl)c1,-2.779999971
CCCCN(CC)C(=O)SCCC,-3.529999971
CCCCOC=O,-1.370000005
CC12C=CC(=O)C=C1CCC1C2C(O)CC2(C)C1CCC2(O)C(=O)CO,-3.180000067
ClC(Cl)Br,-1.539999962
CC12CC(=O)C3C(CCC4=CC(=O)CCC43C)C1CCC2=O,-3.480000019
c1ccc(-c2ccc(-c3ccccc3)cc2)cc1,-7.110000134
O=Cc1ccc(O)cc1,-0.959999979
CBr,-0.790000021
Cc1cc(S(=O)(=O)c2ccccc2)ccc1NS(=O)(=O)C(F)(F)F,-3.799999952
CC(=O)CC(c1ccc(Cl)cc1)c1c(O)c2ccccc2oc1=O,-5.839000225
CCc1ccc2ccccc2c1,-4.289999962
Cc1c[nH]c(=O)nc1N,-1.457999945
Clc1c(Cl)c(Cl)c(-c2ccccc2)c(Cl)c1Cl,-7.920000076
O=C(Nc1ccccc1)c1ccccc1I,-4.210000038
Cc1cc2nc3c(=O)[nH]c(=O)nc-3n(CC(O)C(O)C(O)CO)c2cc1C,-3.684999943
Fc1ccccc1Br,-2.700000048
Oc1ccc(Cl)cc1Cl,-1.549999952
CC1(C)C(C=C(Cl)Cl)C1C(=O)OCc1cccc(Oc2ccccc2)c1,-6.290999889
CN1C(C(=O)Nc2ccccn2)=C(O)c2ccccc2S1(=O)=O,-4.159999847
CCC(=O)OCN1C(=O)NC(c2ccccc2)(c2ccccc2)C1=O,-4.907000065
C1CCCC1,-2.640000105
Cc1ccccc1N,-2.210000038
C=CCc1ccc(OC)cc1,-2.920000076
CN(C)C(=O)Nc1cccc(OC(=O)NC(C)(C)C)c1,-2.930000067
C=CC(C)C,-2.730000019
Oc1ccccn1,1.019999981
CC,-1.360000014
Clc1ccccc1Cl,-3.049999952
Clc1c(Cl)c(Cl)c(-c2c(Cl)c(Cl)c(Cl)c(Cl)c2Cl)c(Cl)c1Cl,-11.60000038
COc1c2occc2cc2ccc(=O)oc12,-3.664000034
CC(N)=O,1.580000043
Cc1cccc2ccccc12,-3.700000048
CCN(CC)C(=O)C(C)Oc1cccc2ccccc12,-3.569999933
CC(O)C(C)(C)C,-0.620000005
CCCC(=O)OCC,-1.360000014
CC1=CC(=O)c2ccccc2C1=O,-3.029999971
c1ccc2c(c1)ccc1ccccc12,-5.260000229
Cc1ccnc(C)c1,0.379999995
CCCCCCCCCO,-3.00999999
BrCBr,-1.169999957
CC1CC2C3CCC4=CC(=O)C=CC4(C)C3(F)C(O)CC2(C)C1(O)C(=O)CO,-3.589999914
Cc1ccc2cc(C)ccc2c1,-4.889999866
CCSC(=O)N(CC(C)C)CC(C)C,-3.680000067
O=[N+]([O-])OCC(CO[N+](=O)[O-])O[N+](=O)[O-],-2.220000029
Nc1cccc([N+](=O)[O-])c1,-2.190000057
CCCCCl,-2.029999971
O=CNC(N1C=CN(C(NC=O)C(Cl)(Cl)Cl)C=C1)C(Cl)(Cl)Cl,-4.190000057
Cn1cc(-c2ccccc2)c(=O)c(-c2cccc(C(F)(F)F)c2)c1,-4.445000172
Nc1cc2c3ccccc3ccc2c2ccccc12,-6.199999809
CC12CCC3c4ccc(O)cc4CCC3C1CCC2=O,-3.954999924
CCN1c2ccccc2N(C)C(=S)c2cccnc21,-4.705999851
CC1CO1,-0.589999974
O=C1CN=C(c2ccccc2)c2cc([N+](=O)[O-])ccc2N1,-3.796000004
CCNC(=S)NCC,-1.460000038
Oc1cc(Cl)cc(Cl)c1Cl,-2.670000076
CCCCC(=O)OC,-1.340000033
Nc1ccccc1,-0.409999996
Cc1cccc2c(C)cccc12,-4.678999901
NS(=O)(=O)c1cc2c(cc1Cl)NCNS2(=O)=O,-2.630000114
C1=Cc2cccc3cccc1c23,-3.960000038
CCCCCOC(=O)CC,-1.279999971
CCNc1nc(NC(C)C)nc(OC)n1,-2.084000111
c1ccc2c(c1)cc1ccc3cccc4ccc2c1c34,-8.699000359
CCBr,-1.090000033
CCC#CCC,-1.99000001
CC1OC(OC2C(O)CC(OC3C(O)CC(OC4CCC5(C)C(CCC6C5CCC5(C)C(C7=CC(=O)OC7)CCC65O)C4)OC3C)OC2C)CC(O)C1O,-5.293000221
C=C(C)CC,-2.730000019
Oc1cccc2cccnc12,-2.420000076
c1ccc2c(c1)CCCC2,-4.369999886
O=C1OC(c2ccc(O)cc2)(c2ccc(O)cc2)c2ccccc21,-2.900000095
Brc1cc(Br)cc(Br)c1,-5.599999905
COP(=S)(OC)Oc1cc(Cl)c(Cl)cc1Cl,-5.71999979
Cc1cc(=O)[nH]c(=S)[nH]1,-2.436000109
C=CCc1ccc(O)c(OC)c1,-1.559999943
C=CCC1(C(C)C)C(=O)NC(=O)NC1=O,-1.707999945
c1cc2ccc3cccc4ccc(c1)c2c34,-6.176000118
CCOC(C)OCC,-0.430000007
CC1(C)CON(Cc2ccccc2Cl)C1=O,-2.338000059
CCCCOCCO,-0.419999987
O=[N+]([O-])c1c(Cl)c(Cl)c(Cl)c(Cl)c1Cl,-5.820000172
CC12CCC3C(CCC4CC(O)CCC43C)C1CCC2=O,-4.40199995
O=C1C(Cl)C(CCl)CN1c1cccc(C(F)(F)F)c1,-4.046999931
c1ccc2ncccc2c1,-1.299999952
COC(=O)c1cc(O)c(O)c(O)c1,-1.24000001
OC(Cn1cncn1)(Cn1cncn1)c1ccc(F)cc1F,-1.799999952
O=c1[nH]c2cc(Cl)ccc2o1,-2.83100009
Clc1ccc(-c2c(Cl)c(Cl)c(Cl)c(Cl)c2Cl)c(Cl)c1,-7.920000076
O=C1NC(=O)C(=O)C(=O)N1,-1.25
ClCCCCl,-1.620000005
Fc1cccc(Br)c1,-2.670000076
Clc1ccc(Br)cc1,-3.630000114
CC(C)C(C)C,-3.650000095
C=CCC,-1.940000057
Clc1ccc(Cl)c(-c2cc(Cl)c(Cl)c(Cl)c2Cl)c1,-7.679999828
Nc1cc[nH]c(=O)n1,-1.154999971
FC(F)(Cl)C(F)(Cl)Cl,-3.039999962
CCC#N,0.280000001
Clc1ccc(C(c2ccccc2Cl)C(Cl)Cl)cc1,-6.510000229
COc1ccccc1[N+](=O)[O-],-1.960000038
CC12CCC3C(CC=C4CC(O)CCC43C)C1CCC2=O,-4.119999886
CC12CC1(C)C(=O)N(c1cc(Cl)cc(Cl)c1)C2=O,-4.800000191
c1cc2ccc3ccc4ccc5cccc6c(c1)c2c3c4c56,-9.017999649
CCC(C)c1cc([N+](=O)[O-])cc([N+](=O)[O-])c1O,-3.380000114
COC1=C(OC)C2C(=O)OCC2C=C1,-1.899000049
OCC(O)CO,1.120000005
COc1ccccc1O,-1.960000038
CCOP(=S)(OCC)Oc1nc(Cl)c(Cl)cc1Cl,-5.670000076
Cc1c2ccccc2cc2ccccc12,-5.889999866
Cc1cc(=O)n(-c2ccccc2)n1C,0.714999974
CCCCOC,-0.99000001
Cc1cnc2cncnc2n1,-0.853999972
CCNc1nc(Cl)nc(NCC)n1,-4.550000191
CC(=O)N(C)C,1.110000014
C=C,-0.400000006
CC(C)(C)CCO,-0.5
C=CCC1(CC)C(=O)NC(=O)NC1=O,-1.613999963
Oc1ccc(Cl)c(Cl)c1Cl,-2.670000076
COc1ccccc1,-1.850000024
CC(C)OC(=O)C(O)(c1ccc(Cl)cc1)c1cccc(Cl)c1,-4.53000021
CC12CCC(=O)C=C1CCC1C2C(O)CC2(C=O)C(C(=O)CO)CCC12,-3.849999905
COc1ccc(Oc2ccc(NC(=O)N(C)C)cc2)cc1,-4.159999847
CCc1ccc(C)cc1,-3.109999895
CC(C)SC(C)C,-2.24000001
O=[N+]([O-])c1cccc([N+](=O)[O-])c1,-2.289999962
CCOP(=S)(OCC)SCSP(=S)(OCC)OCC,-5.539999962
CCC1(C(C)C)C(=O)NC(=O)NC1=O,-2.210000038
CC(=O)OCC(=O)C1(O)CCC2C3CCC4=CC(=O)CCC4(C)C3C(=O)CC21C,-4.210000038
Cc1ncc([N+](=O)[O-])n1CCO,-1.220000029
Nc1ccc(Cl)cc1,-1.659999967
CCCC(C)(C)CO,-1.519999981
c1ccoc1,-0.819999993
COCCCNc1nc(NC(C)C)nc(SC)n1,-2.927999973
CN(C)C(=O)NC1CC2CC1C1CCCC21,-3.171000004
CC(C)(C)c1ccccc1,-3.660000086
CC(=O)CCC1C(=O)N(c2ccccc2)N(c2ccccc2)C1=O,-3.269999981
CC(=O)OCC(=O)C1(O)CCC2C3CCC4=CC(=O)C=CC4(C)C3C(O)CC21C,-4.369999886
CCCOC,-0.389999986
CC(=O)OC(C)C,-0.550000012
Brc1ccccc1,-2.549999952
CCOC(=O)c1ccc(O)cc1,-2.349999905
CCCC(=O)OCN1C(=O)NC(c2ccccc2)(c2ccccc2)C1=O,-5.071000099
CCC(=O)OC1CCC2C3CCC4=CC(=O)CCC4(C)C3CCC12C,-5.369999886
c1cc2ccc3ccc4ccc5ccc6ccc1c1c2c3c4c5c61,-9.331999779
O=c1[nH]cnc2[nH]ncc12,-2.266000032
C=CCl,-1.75
CN(C)C(=O)C(c1ccccc1)c1ccccc1,-2.980000019
BrC(Br)(Br)Br,-3.140000105
CCN1c2cc(N(C)C)cc(C)c2NC(=O)c2cccnc21,-4.870999813
O=C1NC(=O)c2ccccc21,-2.609999895
OC(c1ccc(Cl)cc1)(c1cncnc1)c1ccccc1Cl,-4.380000114
COC(=O)c1ccccc1,-1.850000024
Cn1ccc(=O)[nH]c1=O,-0.806999981
CCCCC1C(=O)N(c2ccccc2)N(c2ccc(O)cc2)C1=O,-3.730000019
Clc1ccc(Cl)c(-c2cccc(Cl)c2Cl)c1,-6.46999979
CCC1NC(=O)c2cc(S(N)(=O)=O)c(Cl)cc2N1,-3.289999962
CN(C)C(=O)Nc1ccc(Cl)c(Cl)c1,-3.799999952
C1=CCCC1,-2.099999905
O=C1NC(=O)C(O)(C2(O)C(=O)NC(=O)NC2=O)C(=O)N1,-1.99000001
CCCCCCCCC,-5.880000114
Oc1ccccc1Cl,-1.059999943
Cc1cc2ccccc2c2ccc3ccccc3c12,-6.590000153
CCOc1ccccc1,-2.329999924
CCOC(=O)C=Cc1ccccc1,-3
Cc1[nH]c(=O)n(C(C)(C)C)c(=O)c1Cl,-2.483999968
O=C1CN=C(c2ccccc2Cl)c2cc([N+](=O)[O-])ccc2N1,-3.499000072
Cc1ccc(S(N)(=O)=O)cc1,-1.74000001
C#CC(C)OC(=O)Nc1cccc(Cl)c1,-2.617000103
CCCCCC(C)C,-5.079999924
CC1(C)C(C=C(Cl)C(F)(F)F)C1C(=O)OC(C#N)c1cccc(Oc2ccccc2)c1,-8.175999641
CCCC1C(=O)N2C(N(C)C)=Nc3ccc(C)cc3N2C1=O,-3.538000107
CN1C(=O)CN=C(c2ccccc2)c2cc(Cl)ccc21,-3.753999949
CCC(O)C(C)C,-0.699999988
CCOP(=S)(OCC)Oc1ccc(S(C)=O)cc1,-2.299999952
CC1(C)C2CCC1(C)C(O)C2,-2.319999933
CC12CCC(=O)C=C1CCC1C2CCC2(C)C(O)CCC12,-4.019999981
CCCCCCC,-4.53000021
Oc1cccc2ccccc12,-2.220000029
CC1CCCCC1C,-4.300000191
COc1cc2c(N)nc(N3CCN(C(=O)OCC(C)(C)O)CC3)nc2c(OC)c1OC,-3.638000011
c1cc2c3c(c4ccc5ccccc5c4cc3c1)CC2,-7.849999905
CC(=O)C1(C)CCC2C3C=C(C)C4=CC(=O)CCC4(C)C3CCC21C,-5.269999981
CCCCCC(C)=O,-1.450000048
COP(=O)(NC(C)=O)SC,0.540000021
CCCCSP(=O)(SCCCC)SCCCC,-5.139999866
O=C1NC(=O)C2C=CC=CC12,-2.931999922
NS(=O)(=O)c1cc2c(cc1Cl)NC(C(Cl)Cl)NS2(=O)=O,-2.680000067
CC=C(C)C,-2.559999943
Cc1ccc(C)c(C)c1,-3.309999943
Oc1cc(Cl)c(Cl)cc1Cl,-2.210000038
c1ccc2c(c1)cnc1ccccc12,-2.779999971
CCCC(C)(O)CC,-0.980000019
CCCCCCCC,-5.239999771
c1ccc2cc3ccccc3cc2c1,-6.349999905
NNc1ccccc1,0.07
CCC=O,0.579999983
C1CCCCCCC1,-4.150000095
C=CCC1(CC=C)C(=O)NC(=O)NC1=O,-2.076999903
ClC(Cl)Cl,-1.169999957
O=c1ccnc(S)[nH]1,-2.273000002
O=C(Nc1ccccc1)N(Cc1ccc(Cl)cc1)C1CCCC1,-5.914999962
CC1=CCCCC1,-3.269999981
CCCCC(C=O)CC,-2.130000114
COc1c2occc2c(OC)c2c(=O)cc(C)oc12,-3.020999908
CCC1(CCC(C)C)C(=O)NC(=O)NC1=O,-2.657999992
c1ccc2c3c(ccc2c1)-c1cccc2cccc-3c12,-8
CCC(C=O)CC,-1.519999981
CCCOCCC,-1.620000005
CCCCCCCCCCCCCCO,-5.840000153
Oc1c(Cl)ccc(Cl)c1Cl,-2.640000105
NC(N)=O,0.959999979
C#CCCC,-1.639999986
Brc1cccc(Br)c1,-3.539999962
CCCCCCCCCCCCCCCCCCO,-8.399999619
CC(=O)Nc1ccccc1,-1.330000043
O=C1C=C2CC3(O)COc4c(ccc(O)c4O)C3=C2C=C1O,-2.700000048
NNC(=O)c1ccncc1,0.009
OC1C=CC2C1C1(Cl)C(Cl)=C(Cl)C2(Cl)C1(Cl)Cl,-5.460000038
CC(C)CCOC=O,-1.519999981
CC(=O)c1ccccc1,-1.279999971
c1ccc2nc(-c3ccc4ccccc4n3)ccc2c1,-5.400000095
CCOP(=O)(OCC)OCC,0.430000007
CC12CCC(C1)C(C)(C)C2=O,-1.850000024
COc1cnc2cncnc2n1,-0.910000026
ClC1=C(Cl)C2(Cl)C3CC=CC3C1(Cl)C2(Cl)Cl,-5.639999866
CC(C)[N+](=O)[O-],-0.620000005
c1ccc2c(c1)[nH]c1ccccc12,-5.269999981
OCC(O)C(O)CO,0.699999988
CCCOC(=O)c1ccc(N)cc1,-2.451999903
CNC(=O)C=C(C)OP(=O)(OC)OC,0.651000023
O=C1CCC(=O)N1,0.300000012
CCC(C)C(C)C,-4.28000021
CCCCc1c(C)nc(NCC)nc1OS(=O)(=O)N(C)C,-4.159999847
CCN1c2ncccc2C(=S)N(C)c2cccnc21,-4.633999825
CCN1C(=O)c2ccccc2Oc2ccccc21,-3.680000067
C1CCOCC1,-0.029999999
C#CCCCCC,-3.00999999
COc1ccc2ccc(=O)oc2c1CC=C(C)C,-4.31400013
Cc1ccc2c(ccc3c4c5c(cccc5cc32)CC4)c1,-7.920000076
CCOC(=O)c1ccccc1,-2.319999933
CC(C)CCl,-2
C#CC1(O)CCC2C3CCc4cc(O)ccc4C3CCC21C,-4.300000191
CCCCCCCCCCCC(=O)OC,-4.690000057
CCCSCCC,-2.579999924
c1ccc2cc3cc4ccccc4cc3cc2c1,-8.600000381
CCCCCBr,-3.079999924
C/C=C/CCCC,-3.819999933
Cc1ncc([N+](=O)[O-])n1CCO,-1.25999999
CCCCCC1CCCC1,-6.079999924
Clc1ccc(Cl)c(-c2c(Cl)c(Cl)cc(Cl)c2Cl)c1,-7.420000076
CCC1(C(C)C)C(=O)NC(=O)NC1=O,-2.148000002
CC(Cl)(Cl)Cl,-2
CON(C)C(=O)Nc1ccc(Cl)cc1,-2.569999933
O=C1NC(=O)C2(CCCCC2)C(=O)N1,-3.059999943
CN(C)C(=O)OC1=CC(=O)CC(C)(C)C1,-0.850000024
Cc1ccc(Br)cc1,-3.190000057
CCOCC,-0.090000004
CC(C)NC(=O)N1CC(=O)N(c2cc(Cl)cc(Cl)c2)C1=O,-4.375999928
CCCCN(CC)c1c([N+](=O)[O-])cc(C(F)(F)F)cc1[N+](=O)[O-],-5.53000021
Cc1cc(C)c(O)c(C)c1,-2.049999952
c1ccccc1,-1.639999986
Clc1ccc(I)cc1,-4.03000021
COc1ccc(NC(=O)N(C)C)cc1Cl,-2.563999891
CC(C)N(C(=O)CCl)c1ccccc1,-2.480000019
C=Cc1ccccc1,-2.819999933
COCOC,0.479999989
Cc1ccccc1C,-2.799999952
CCC(C)O,0.469999999
Oc1ccc(O)cc1,-0.170000002
CC12CCC3c4ccc(O)cc4CCC3C1CC(O)C2O,-4.954999924
c1ccc2c(c1)Cc1cc3ccccc3cc1-2,-8.039999962
O=C1CNC(=O)N1,-0.400000006
CCCCCCc1ccc(O)cc1O,-2.589999914
C=CCSS(=O)CC=C,-0.829999983
CCOP(=S)(OCC)Oc1ccc2oc(=O)c(Cl)c(C)c2c1,-5.381999969
Cc1c(C)c2c3ccccc3ccc2c2ccccc12,-7.010000229
CCCCC(=O)OC1(C(=O)CO)C(C)CC2C3CCC4=CC(=O)C=CC4(C)C3(F)C(O)CC21C,-4.710000038
O=c1[nH]c(=O)c2[nH]c(=O)[nH]c2[nH]1,-3.930000067
Oc1c(Cl)cc(Cl)c(Cl)c1Cl,-3.099999905
Clc1cccc(Cl)c1,-3.039999962
Clc1ccc(C(c2ccc(Cl)cc2)C(Cl)(Cl)Cl)cc1,-7.150000095
CC(C)COC=O,-1.00999999
CCN1c2ncccc2C(=O)Nc2c(C(F)(F)F)cc(C)nc21,-4.206999779
CCCCCC,-3.839999914
COC(=O)c1cccnc1,-0.460000008
NS(=O)(=O)c1cc2c(cc1C(F)(F)F)NC(Cc1ccccc1)NS2(=O)=O,-3.589999914
Clc1ccc(-c2cc(Cl)c(Cl)c(Cl)c2Cl)cc1Cl,-7.820000172
C=CC1(C)OC(=O)N(c2cc(Cl)cc(Cl)c2)C1=O,-4.925000191
CCNc1nc(Cl)nc(NC(C)(C)C#N)n1,-3.150000095
c1ccc2c(c1)c1ccccc1c1ccccc21,-6.725999832
CC=C(C(=CC)c1ccc(O)cc1)c1ccc(O)cc1,-4.949999809
CCCCC(CC)COC(=O)c1ccccc1C(=O)OCC(CC)CCCC,-6.960000038
CCc1ccccn1,0.50999999
COP(=O)(OC)OC(Br)C(Cl)(Cl)Br,-2.279999971
c1ccc(-c2ccccc2)cc1,-4.34499979
Clc1cc(Cl)c(-c2c(Cl)cc(Cl)cc2Cl)c(Cl)c1,-8.710000038
CN(C)c1nc(N(C)C)nc(N(C)C)n1,-3.364000082
CC(C)CC(C)(C)O,-0.920000017
O=C1NC(=O)C2(CCCCCC2)C(=O)N1,-3.167999983
OCC1OC(O)(CO)C(O)C1O,0.639999986
Cc1cc(C)cc(O)c1,-1.399999976
O=C(Nc1cccc(Cl)c1)OCC#CCCl,-4.369999886
CC(=O)Nc1ccc(Cl)cc1,-2.842999935
Clc1ccc(Cl)c(-c2c(Cl)c(Cl)c(Cl)c(Cl)c2Cl)c1,-8.93999958
CCC(C)(C)C,-3.549999952
CNc1ccccc1,-1.279999971
C=CCC=C,-2.089999914
CC(=O)OCC(=O)C1(O)CCC2C3CCC4=CC(=O)CCC4(C)C3C(O)CC21C,-4.880000114
Cc1cc([N+](=O)[O-])cc([N+](=O)[O-])c1O,-1.45599997
O=C1Nc2ccc(Cl)cc2C(c2ccccc2Cl)=NC1O,-3.604000092
Oc1cccc(Cl)c1,-0.699999988
Clc1cccc(Br)c1,-3.210000038
NS(=O)(=O)c1cc2c(cc1Cl)N=CNS2(=O)=O,-3.049999952
CCC1(C)C(=O)NC(=O)NC1=O,-1.228000045
OCCOc1ccccc1,-0.699999988
c1ccc(Cc2ccccc2)cc1,-4.079999924
CCCCCC(O)CC,-1.980000019
CCN(Cc1c(F)cccc1Cl)c1c([N+](=O)[O-])cc(C(F)(F)F)cc1[N+](=O)[O-],-6.78000021
CC(C)Nc1nc(Cl)nc(NC(C)C)n1,-4.429999828
CCCC(C)CO,-1.110000014
CCCCC(C)(C)O,-1.080000043
CCc1ccccc1,-2.769999981
CCC1(CC=C(C)C)C(=O)NC(=O)NC1=O,-2.253000021
ClC1=C(Cl)C2(Cl)C3C(Cl)C=CC3C1(Cl)C2(Cl)Cl,-6.316999912
C=C(Br)CC1(C(C)CC)C(=O)NC(=O)NC1=O,-2.647000074
CC1(C)C(C(=O)OC(C#N)c2cccc(Oc3ccccc3)c2)C1(C)C,-6.025000095
COC(C)(C)CCCC(C)CC=CC(C)=CC(=O)OC(C)C,-5.190000057
CCOC(=O)CC,-0.660000026
C#CC(C)N(C)C(=O)Nc1ccc(Cl)cc1,-3.900000095
Cc1cc2ccccc2cc1C,-4.71999979
Clc1ccc(-c2cc(Cl)ccc2Cl)cc1,-6.25
Clc1ccc(-c2cc(Cl)c(Cl)c(Cl)c2Cl)c(Cl)c1,-7.389999866
N#CN=C(N)N,-0.310000002
O=[N+]([O-])C(Cl)(Cl)Cl,-2
Clc1cccc(Cl)c1-c1ccccc1,-5.210000038
COc1ccc(C=O)cc1,-1.49000001
CC(=O)Nc1ccc([N+](=O)[O-])cc1,-2.691999912
CCCCCCC(=O)OCC,-2.74000001
CC(=O)Nc1ccc(O)cc1,-1.029999971
c1ccc2[nH]ncc2c1,-2.160000086
CC1(C)OC2CC3C4CCC5=CC(=O)C=CC5(C)C4(F)C(O)CC3(C)C2(C(=O)CO)O1,-4.309999943
Nc1nc2[nH]cnc2c(=O)[nH]1,-3.582999945
COC(C)=O,0.460000008
CC12CCC3C(CCC4CC(=O)CCC43C)C1CCC2O,-4.743000031
C=CC(O)CCC,-0.589999974
O=C1NC(=O)C2C3C(C(O)(c4ccccc4)c4ccccn4)=CC(C3=C(c3ccccc3)c3ccccn3)C12,-3.930999994
CCCCOCCCC,-1.850000024
CCCCCCCCCCCCO,-4.800000191
CCN1c2nc(N(C)CCO)ccc2NC(=O)c2cccnc21,-3.359999895
CCCC(C)(C)O,-0.49000001
Nc1nc(=O)[nH]cc1F,-0.972000003
CCCCOc1ccc(C(=O)OCC)c(N(CC)CC)c1,-3.839999914
CCCCCC(C)(C)O,-1.720000029
Cc1c(C)c(C)c(C)c(C)c1C,-5.230000019
Cc1ccc(C(C)C)c(O)c1,-2.220000029
c1cnc2ncncc2n1,0.02
CCOP(=S)(OCC)Oc1ccc([N+](=O)[O-])cc1,-4.659999847
c1ccc2c(c1)CCN2,-1.039999962
O=[N+]([O-])c1cccc2ccccc12,-3.539999962
CCC(C)C(C)=O,-0.670000017
Nc1nc(O)nc2nc[nH]c12,-3.401000023
O=c1oc2ccccc2c(O)c1C(CC(O)c1ccc(-c2ccc(Br)cc2)cc1)c1ccccc1,-4.445000172
C[N+](=O)[O-],0.25999999
CC(C)N(C(=O)SCC(Cl)=C(Cl)Cl)C(C)C,-4.880000114
C=CCCC=C,-2.680000067
c1ccc2[nH]ccc2c1,-1.519999981
CC12CCC3C(CCC4=CC(=O)CCC43C)C1CCC2=O,-3.690000057
C=CCCCC,-3.230000019
Cc1cccc(C)c1NC(=O)c1cc(S(N)(=O)=O)c(Cl)cc1O,-3.789999962
CCC1CCCCC1,-4.25
CCCCCCCC(C)=O,-2.579999924
COC(=O)Nc1nc2ccc(C(=O)c3ccccc3)cc2[nH]1,-3.880000114
CC(C)OC(=O)Nc1cccc(Cl)c1,-3.380000114
CCN1c2ncccc2C(=O)N(C)c2ccc(Cl)nc21,-4.113999844
CNC(=O)Oc1cccc2ccccc12,-3.223999977
C#C,0.289999992
Cc1cncc(C)c1,0.379999995
C1=CCC=CC1,-2.059999943
CCOC(=O)N(C)C(=O)CSP(=S)(OCC)OCC,-2.517999887
CC(O)c1ccccc1,-0.920000017
CC(Cl)CCl,-1.600000024
CCCC=C(C=O)CC,-2.460000038
CCOP(=S)(OCC)SCCSCC,-4.230000019
CC(=O)OC1(C)CCC2C3CCC4=CC(=O)CCC4(C)C3CCC21C,-5.28399992
Clc1ccc(-c2c(Cl)cccc2Cl)cc1,-6.139999866
O=C(NC(=O)c1c(F)cccc1F)Nc1ccc(Cl)cc1,-6.019999981
Oc1cc(Cl)ccc1Oc1ccc(Cl)cc1Cl,-4.460000038
CC(C)CCCCCOC(=O)c1ccccc1C(=O)OCCCCCC(C)C,-6.637000084
CC12CCC(=O)C=C1CCC1C2C(O)CC2(C)C(C(=O)CO)CCC12,-3.24000001
Cc1cc(C)cc(C)c1,-3.400000095
CCCCCCCCOC(=O)c1ccccc1C(=O)OCCCCCCCC,-5.114999771
CCCCCCCCCCCCCCCO,-6.349999905
Clc1cccc(Cl)c1-c1c(Cl)cccc1Cl,-7.389999866
CC1(C)C(=O)NC(=O)NC1=O,-1.741999984
CC(C)I,-2.089999914
O=[N+]([O-])c1ccccc1[N+](=O)[O-],-3.099999905
CC(=O)C(C)C,-0.119999997
CCCCCCCCCCCCCCCC,-8.399999619
CC12CCC(CC1)C(C)(C)O2,-1.74000001
Cc1cccc2sc3nncn3c12,-2.069999933
CCCCCCC(C)=O,-2.049999952
CCCCCCCCC(=O)OC,-3.380000114
Fc1ccc(F)cc1,-1.970000029
O=C1CCC(N2C(=O)c3ccccc3C2=O)C(=O)N1,-2.676000118
CCCN(CCC)c1c([N+](=O)[O-])cc(C(F)(F)F)cc1[N+](=O)[O-],-5.679999828
CCO,1.100000024
O=C1NC(=O)C2(CCCC2)C(=O)N1,-2.348999977
CCNC(=O)C(C)OC(=O)Nc1ccccc1,-1.830000043
CC(C)=CC1C(C(=O)OCc2cccc(Oc3ccccc3)c2)C1(C)C,-5.239999771
CN(C)C(=O)NC1CCCCCCC1,-2.217999935
ClC1(Cl)C2(Cl)C3(Cl)C4(Cl)C(Cl)(Cl)C5(Cl)C3(Cl)C1(Cl)C5(Cl)C24Cl,-6.800000191
CCCCCCCCBr,-5.059999943
CCCCNC(=O)n1c(NC(=O)OC)nc2ccccc21,-4.882999897
Cc1c(N(C)C)c(=O)n(-c2ccccc2)n1C,-0.363999993
CCC(O)CC,-0.239999995
Cc1ccc([N+](=O)[O-])cc1,-2.49000001
CC(C)CCCO,-1.139999986
C#CC1(O)CCC2C3CCC4=CC(=O)CCC4(O)C3CCC21C,-4.570000172
CC(C)OC(=O)C(O)(c1ccc(Br)cc1)c1ccc(Br)cc1,-4.929999828
Nc1cnn(-c2ccccc2)c(=O)c1Cl,-2.878000021
CCC(C)(C)O,0.150000006
Cc1ccc(O)cc1,-0.730000019
CCOC=O,0.150000006
CN(C)c1ccccc1,-1.919999957
C1CCC2CCCCC2C1,-5.190000057
CCCCS,-2.180000067
c1ccc2c(c1)c1cccc3ccc4cccc2c4c31,-7.800000191
ClC(Cl)=C(Cl)Cl,-2.539999962
CCC(=O)CC,-0.280000001
C=CC#N,0.150000006
CC1CC2C3CC(F)C4=CC(=O)C=CC4(C)C3(F)C(O)CC2(C)C1(O)C(=O)CO,-5.612999916
CCCCC(C)=O,-0.800000012
CCNc1nc(NC(C)(C)C)nc(OC)n1,-3.239000082
CCCCC(C)CC,-5.159999847
BrCCBr,-1.679999948
CNC(=O)Oc1ccccc1C(C)C,-2.862999916
O=C1NCCN1c1ncc([N+](=O)[O-])s1,-3.220000029
c1ccc2c(c1)Cc1c-2ccc2ccccc12,-6.679999828
COc1ccccc1Cl,-2.460000038
COP(=S)(OC)Oc1cc(Cl)c(Br)cc1Cl,-6.090000153
O=C(CC(Cl)Cl)NC1=C(Cl)C(=O)c2ccccc2C1=O,-5.03000021
Clc1ccc(C(c2ccc(Cl)cc2)C(Cl)Cl)cc1,-7.199999809
C=CC(=O)OC,-0.219999999
CN(C)C(=O)Nc1ccc(Oc2ccc(Cl)cc2)cc1,-4.889999866
c1ccc(N=Nc2ccccc2)cc1,-4.449999809
Cc1ccc(C(C)C)cc1,-3.769999981
Oc1c(Cl)cccc1Cl,-1.789999962
OCC1OC(OC2(CO)OC(CO)C(O)C2O)C(O)C(O)C1O,0.790000021
OC1C(O)C(O)C(O)C(O)C1O,0.349999994
Cn1c(=O)c2c(ncn2CC(O)CO)n(C)c1=O,-0.170000002
O=C(NC(CO)C(O)c1ccc([N+](=O)[O-])cc1)C(Cl)Cl,-2.111000061
CCC(O)(CC)CC,-0.850000024
CC12CCC3C(CCC4CC5SC5CC43C)C1CCC2O,-5.409999847
Brc1ccccc1Br,-3.5
Oc1c(Cl)cc(Cl)cc1Cl,-2.339999914
CCCN(CCC)c1c([N+](=O)[O-])cc(S(N)(=O)=O)cc1[N+](=O)[O-],-5.159999847
O=C1c2ccccc2Cc2ccccc2N1CCF,-4.798999786
CC(C)C(=O)C(C)C,-1.299999952
CC(C)=CCC1(C(C)C)C(=O)NC(=O)NC1=O,-2.592999935
COC1=CC2OC3C=CC(O)=CC3C(=O)C2C(O)=C1,-2.943000078
Cn1c(=O)c2c(ncn2C)n(C)c1=O,-0.875999987
CC(=O)SC1CC2=CC(=O)CCC2(C)C2CCC3(C)C(CCC34CCC(=O)O4)C12,-4.172999859
Cc1ccc(O)cc1C,-1.379999995
c1ccc(Oc2ccccc2)cc1,-3.960000038
Clc1cc(Cl)c(-c2cc(Cl)c(Cl)cc2Cl)cc1Cl,-8.56000042
NC(=O)c1cccnc1,0.610000014
CNC(=O)Oc1cc(C)cc(C)c1,-2.58100009
ClC1=C(Cl)C2(Cl)C3C(Cl)C(Cl)CC3C1(Cl)C2(Cl)Cl,-6.860000134
CSSC,-1.440000057
NC(=O)c1ccccc1,-0.959999979
Clc1ccccc1Br,-3.190000057
COC(=O)c1ccccc1OC1OC(COC2OCC(O)C(O)C2O)C(O)C(O)C1O,-0.741999984
CCCCC(O)CC,-1.470000029
CCN1c2ncccc2C(=O)Nc2c(C)cc(C)nc21,-4.553999901
Oc1cc(Cl)cc(Cl)c1,-1.340000033
Cc1cccc2c1ccc1ccccc12,-5.849999905
CCCCC(CC)CO,-2.109999895
CC(C)N(C(=O)SCC(Cl)=CCl)C(C)C,-4.285999775
Cc1ccccc1,-2.210000038
Clc1cccc(C(Cl)(Cl)Cl)n1,-3.75999999
C1=CCCCCC1,-3.180000067
CN(C)C(=S)SSC(=S)N(C)C,-3.900000095
COC1=CC(=O)CC(C)C12Oc1c(Cl)c(OC)cc(OC)c1C2=O,-3.246000051
CCCCCCCCCCO,-3.630000114
CCC(C)(C)CC,-4.230000019
CNC(=O)C(C)SCCSP(=O)(OC)OC,1.144000053
Oc1cc(Cl)c(Cl)c(Cl)c1Cl,-3.150000095
CCCC=O,-0.01
CC(=O)OCC(=O)C1(O)C(C)CC2C3CCC4=CC(=O)C=CC4(C)C3(F)C(O)CC21C,-4.900000095
CCCC,-2.569999933
COc1ccccc1O,-1.960000038
CC(=O)C1(O)CCC2C3CC(C)C4=CC(=O)C=CC4(C)C3(F)C(O)CC21C,-4.098999977
ClC(Cl)C(Cl)(Cl)Cl,-2.599999905
CCOC(=O)c1ccccc1C(=O)OCC,-2.349999905
CC(C)CO,0.100000001
CC(C)Cc1ccccc1,-4.119999886
ICI,-2.339999914
CCCC(O)CCC,-1.399999976
CCCCCOC(C)=O,-1.889999986
Oc1c(Cl)c(Cl)cc(Cl)c1Cl,-3.369999886
CCCc1ccccc1,-3.369999886
FC(F)(Cl)C(F)(F)Cl,-2.74000001
CC=CC=O,0.319999993
CN(C)C(=O)N(C)C,0.939999998
Cc1cc(C)c(C)cc1C,-4.590000153
C#CC1(OC(C)=O)CCC2C3CCC4=CC(=O)CCC4C3CCC21C,-4.800000191
CCOP(=S)(OCC)N1C(=O)c2ccccc2C1=O,-3.349999905
O=C(Nc1ccccc1)c1ccccc1O,-3.589999914
C=C(Cl)CSC(=S)N(CC)CC,-3.390000105
CCCl,-1.059999943
CC(=O)Nc1cc(NS(=O)(=O)C(F)(F)F)c(C)cc1C,-3.24000001
O=C(C=CC=Cc1ccc2c(c1)OCO2)N1CCCCC1,-3.460000038
C/C=C\CC,-2.539999962
CNC(=O)ON=C(CSC)C(C)(C)C,-1.620000005
O=C1NC(=O)C2(CCCCCCC2)C(=O)N1,-2.982000113
CNC(=O)Oc1cc(C(C)(C)C)cc(C(C)(C)C)c1,-4.239999771
O=C1CC(c2ccc(O)c(O)c2)Oc2cc(O)cc(O)c21,-3.619999886
O=C(c1ccccc1)c1ccccc1,-3.119999886
CCCCCCCCCCCCCCCCCCCC,-8.171999931
c1ccc(NNc2ccccc2)cc1,-2.920000076
CCC(CC)CO,-1.169999957
Oc1ccncc1,1.019999981
Cl/C=C\Cl,-1.299999952
CC1CCCC1,-3.299999952
CC(C)CC(C)O,-0.800000012
Cc1ccc2c(c1)C(=O)N(C)c1cc(N)ccc1O2,-3.927999973
CC(C)(C)CO,-0.400000006
CC(C)(C)C(=O)C(Oc1ccc(Cl)cc1)n1cncn1,-3.609999895
Cc1cc(C(=O)NNCc2ccccc2)no1,-2.460999966
C=CC,-1.080000043
Oc1ccc(Cl)cc1Cc1cc(Cl)ccc1O,-3.953000069
CCOC(=O)Nc1cccc(OC(=O)Nc2ccccc2)c1,-4.631999969
O=C1c2ccccc2C(=O)c2ccccc21,-5.190000057
CCCCCCC(C)O,-2.089999914
CC1=C(C(=O)Nc2ccccc2)S(=O)(=O)CCO1,-2.280999899
CCCCc1ccccc1,-4.059999943
O=C1NC(=O)C(=O)N1,-0.400000006
NS(=O)(=O)c1cc(C2(O)NC(=O)c3ccccc32)ccc1Cl,-3.450999975
CC(=O)OCC(C)C,-1.210000038
CC(C)C(C)(C)C,-4.360000134
Clc1ccc(-c2c(Cl)cc(Cl)c(Cl)c2Cl)c(Cl)c1Cl,-7.659999847
N#Cc1ccccc1C#N,-2.380000114
Cc1cccc([N+](=O)[O-])c1,-2.440000057
FC(F)(F)C(Cl)Br,-1.710000038
CNC(=O)ON=C(SC)C(=O)N(C)C,0.105999999
CCSCCSP(=S)(OC)OC,-3.09100008
CCC(C)C,-3.180000067
COP(=O)(OC)OC(=CCl)c1cc(Cl)c(Cl)cc1Cl,-4.521999836
